[
   {
      "id": "0",
      "xVal": "42",
      "yVal": "23.34"
   },
   {
      "id": "1",
      "xVal": "42.4",
      "yVal": "62.32"
   },
   {
      "id": "2",
      "xVal": "42.8",
      "yVal": "92.85"
   },
   {
      "id": "3",
      "xVal": "43.2",
      "yVal": "44.17"
   },
   {
      "id": "4",
      "xVal": "43.6",
      "yVal": "53.9"
   },
   {
      "id": "5",
      "xVal": "44",
      "yVal": "50.04"
   },
   {
      "id": "6",
      "xVal": "44.4",
      "yVal": "31.76"
   },
   {
      "id": "7",
      "xVal": "44.8",
      "yVal": "36.4"
   },
   {
      "id": "8",
      "xVal": "45.2",
      "yVal": "25.48"
   },
   {
      "id": "9",
      "xVal": "45.6",
      "yVal": "58.73"
   },
   {
      "id": "10",
      "xVal": "46",
      "yVal": "66.6"
   },
   {
      "id": "11",
      "xVal": "46.4",
      "yVal": "76.42"
   },
   {
      "id": "12",
      "xVal": "46.8",
      "yVal": "36.75"
   },
   {
      "id": "13",
      "xVal": "47.2",
      "yVal": "80.84"
   },
   {
      "id": "14",
      "xVal": "47.6",
      "yVal": "89.4"
   },
   {
      "id": "15",
      "xVal": "48",
      "yVal": "59.73"
   },
   {
      "id": "16",
      "xVal": "48.4",
      "yVal": "75.41"
   },
   {
      "id": "17",
      "xVal": "48.8",
      "yVal": "39.11"
   },
   {
      "id": "18",
      "xVal": "49.2",
      "yVal": "100"
   },
   {
      "id": "19",
      "xVal": "49.6",
      "yVal": "46.6"
   },
   {
      "id": "20",
      "xVal": "50",
      "yVal": "62.27"
   },
   {
      "id": "21",
      "xVal": "50.4",
      "yVal": "29.56"
   },
   {
      "id": "22",
      "xVal": "50.8",
      "yVal": "20.85"
   },
   {
      "id": "23",
      "xVal": "51.2",
      "yVal": "87.13"
   },
   {
      "id": "24",
      "xVal": "51.6",
      "yVal": "85.72"
   },
   {
      "id": "25",
      "xVal": "52",
      "yVal": "24.57"
   },
   {
      "id": "26",
      "xVal": "52.4",
      "yVal": "96.04"
   },
   {
      "id": "27",
      "xVal": "52.8",
      "yVal": "57.88"
   },
   {
      "id": "28",
      "xVal": "53.2",
      "yVal": "88.18"
   },
   {
      "id": "29",
      "xVal": "53.6",
      "yVal": "62.25"
   },
   {
      "id": "30",
      "xVal": "54",
      "yVal": "38.24"
   },
   {
      "id": "31",
      "xVal": "54.4",
      "yVal": "67.62"
   },
   {
      "id": "32",
      "xVal": "54.8",
      "yVal": "100"
   },
   {
      "id": "33",
      "xVal": "55.2",
      "yVal": "100"
   },
   {
      "id": "34",
      "xVal": "55.6",
      "yVal": "99.55"
   },
   {
      "id": "35",
      "xVal": "56",
      "yVal": "85.3"
   },
   {
      "id": "36",
      "xVal": "56.4",
      "yVal": "41.64"
   },
   {
      "id": "37",
      "xVal": "56.8",
      "yVal": "41.27"
   },
   {
      "id": "38",
      "xVal": "57.2",
      "yVal": "71.75"
   },
   {
      "id": "39",
      "xVal": "57.6",
      "yVal": "67.7"
   },
   {
      "id": "40",
      "xVal": "58",
      "yVal": "79.74"
   },
   {
      "id": "41",
      "xVal": "58.4",
      "yVal": "55.48"
   },
   {
      "id": "42",
      "xVal": "58.8",
      "yVal": "47.21"
   },
   {
      "id": "43",
      "xVal": "59.2",
      "yVal": "89.98"
   },
   {
      "id": "44",
      "xVal": "59.6",
      "yVal": "100"
   },
   {
      "id": "45",
      "xVal": "60",
      "yVal": "100"
   },
   {
      "id": "46",
      "xVal": "60.4",
      "yVal": "90.53"
   },
   {
      "id": "47",
      "xVal": "60.8",
      "yVal": "100"
   },
   {
      "id": "48",
      "xVal": "61.2",
      "yVal": "84.8"
   },
   {
      "id": "49",
      "xVal": "61.6",
      "yVal": "44.32"
   },
   {
      "id": "50",
      "xVal": "62",
      "yVal": "97.05"
   },
   {
      "id": "51",
      "xVal": "62.4",
      "yVal": "49.04"
   },
   {
      "id": "52",
      "xVal": "62.8",
      "yVal": "63.77"
   },
   {
      "id": "53",
      "xVal": "63.2",
      "yVal": "49.94"
   },
   {
      "id": "54",
      "xVal": "63.6",
      "yVal": "100"
   },
   {
      "id": "55",
      "xVal": "64",
      "yVal": "93.22"
   },
   {
      "id": "56",
      "xVal": "64.4",
      "yVal": "72.19"
   },
   {
      "id": "57",
      "xVal": "64.8",
      "yVal": "99.43"
   },
   {
      "id": "58",
      "xVal": "65.2",
      "yVal": "70.06"
   },
   {
      "id": "59",
      "xVal": "65.6",
      "yVal": "52.67"
   },
   {
      "id": "60",
      "xVal": "66",
      "yVal": "100"
   },
   {
      "id": "61",
      "xVal": "66.4",
      "yVal": "75.47"
   },
   {
      "id": "62",
      "xVal": "66.8",
      "yVal": "100"
   },
   {
      "id": "63",
      "xVal": "67.2",
      "yVal": "42.51"
   },
   {
      "id": "64",
      "xVal": "67.6",
      "yVal": "68.52"
   },
   {
      "id": "65",
      "xVal": "68",
      "yVal": "100"
   },
   {
      "id": "66",
      "xVal": "68.4",
      "yVal": "97.02"
   },
   {
      "id": "67",
      "xVal": "68.8",
      "yVal": "80.34"
   },
   {
      "id": "68",
      "xVal": "69.2",
      "yVal": "65.52"
   },
   {
      "id": "69",
      "xVal": "69.6",
      "yVal": "56.44"
   },
   {
      "id": "70",
      "xVal": "70",
      "yVal": "93.49"
   },
   {
      "id": "71",
      "xVal": "70.4",
      "yVal": "56.73"
   },
   {
      "id": "72",
      "xVal": "70.8",
      "yVal": "81.17"
   },
   {
      "id": "73",
      "xVal": "71.2",
      "yVal": "30.33"
   },
   {
      "id": "74",
      "xVal": "71.6",
      "yVal": "61.58"
   },
   {
      "id": "75",
      "xVal": "72",
      "yVal": "45.89"
   },
   {
      "id": "76",
      "xVal": "72.4",
      "yVal": "99.28"
   },
   {
      "id": "77",
      "xVal": "72.8",
      "yVal": "100"
   },
   {
      "id": "78",
      "xVal": "73.2",
      "yVal": "62.65"
   },
   {
      "id": "79",
      "xVal": "73.6",
      "yVal": "100"
   },
   {
      "id": "80",
      "xVal": "74",
      "yVal": "78.52"
   },
   {
      "id": "81",
      "xVal": "74.4",
      "yVal": "57.55"
   },
   {
      "id": "82",
      "xVal": "74.8",
      "yVal": "100"
   },
   {
      "id": "83",
      "xVal": "75.2",
      "yVal": "64.65"
   },
   {
      "id": "84",
      "xVal": "75.6",
      "yVal": "100"
   },
   {
      "id": "85",
      "xVal": "76",
      "yVal": "77.22"
   },
   {
      "id": "86",
      "xVal": "76.4",
      "yVal": "88.9"
   },
   {
      "id": "87",
      "xVal": "76.8",
      "yVal": "34.85"
   },
   {
      "id": "88",
      "xVal": "77.2",
      "yVal": "100"
   },
   {
      "id": "89",
      "xVal": "77.6",
      "yVal": "84.98"
   },
   {
      "id": "90",
      "xVal": "78",
      "yVal": "40.27"
   },
   {
      "id": "91",
      "xVal": "78.4",
      "yVal": "88.1"
   },
   {
      "id": "92",
      "xVal": "78.8",
      "yVal": "95.68"
   },
   {
      "id": "93",
      "xVal": "79.2",
      "yVal": "95.3"
   },
   {
      "id": "94",
      "xVal": "79.6",
      "yVal": "100"
   },
   {
      "id": "95",
      "xVal": "80",
      "yVal": "81.16"
   },
   {
      "id": "96",
      "xVal": "80.4",
      "yVal": "100"
   },
   {
      "id": "97",
      "xVal": "80.8",
      "yVal": "100"
   },
   {
      "id": "98",
      "xVal": "81.2",
      "yVal": "89.74"
   },
   {
      "id": "99",
      "xVal": "81.6",
      "yVal": "95.84"
   },
   {
      "id": "100",
      "xVal": "82",
      "yVal": "100"
   },
   {
      "id": "101",
      "xVal": "82.4",
      "yVal": "100"
   },
   {
      "id": "102",
      "xVal": "82.8",
      "yVal": "59.68"
   },
   {
      "id": "103",
      "xVal": "83.2",
      "yVal": "100"
   },
   {
      "id": "104",
      "xVal": "83.6",
      "yVal": "99.92"
   },
   {
      "id": "105",
      "xVal": "84",
      "yVal": "77.4"
   },
   {
      "id": "106",
      "xVal": "84.4",
      "yVal": "53.73"
   },
   {
      "id": "107",
      "xVal": "84.8",
      "yVal": "86.07"
   },
   {
      "id": "108",
      "xVal": "85.2",
      "yVal": "100"
   },
   {
      "id": "109",
      "xVal": "85.6",
      "yVal": "100"
   },
   {
      "id": "110",
      "xVal": "86",
      "yVal": "100"
   },
   {
      "id": "111",
      "xVal": "86.4",
      "yVal": "83.21"
   },
   {
      "id": "112",
      "xVal": "86.8",
      "yVal": "89.16"
   },
   {
      "id": "113",
      "xVal": "87.2",
      "yVal": "100"
   },
   {
      "id": "114",
      "xVal": "87.6",
      "yVal": "100"
   },
   {
      "id": "115",
      "xVal": "88",
      "yVal": "100"
   },
   {
      "id": "116",
      "xVal": "88.4",
      "yVal": "55.61"
   },
   {
      "id": "117",
      "xVal": "88.8",
      "yVal": "100"
   },
   {
      "id": "118",
      "xVal": "89.2",
      "yVal": "80.8"
   },
   {
      "id": "119",
      "xVal": "89.6",
      "yVal": "76.49"
   },
   {
      "id": "120",
      "xVal": "90",
      "yVal": "97.27"
   },
   {
      "id": "121",
      "xVal": "90.4",
      "yVal": "95.61"
   },
   {
      "id": "122",
      "xVal": "90.8",
      "yVal": "79.13"
   },
   {
      "id": "123",
      "xVal": "91.2",
      "yVal": "100"
   },
   {
      "id": "124",
      "xVal": "91.6",
      "yVal": "65.81"
   },
   {
      "id": "125",
      "xVal": "92",
      "yVal": "78.64"
   },
   {
      "id": "126",
      "xVal": "92.4",
      "yVal": "100"
   },
   {
      "id": "127",
      "xVal": "92.8",
      "yVal": "23.33"
   },
   {
      "id": "128",
      "xVal": "93.2",
      "yVal": "100"
   },
   {
      "id": "129",
      "xVal": "93.6",
      "yVal": "81"
   },
   {
      "id": "130",
      "xVal": "94",
      "yVal": "100"
   },
   {
      "id": "131",
      "xVal": "94.4",
      "yVal": "74.1"
   },
   {
      "id": "132",
      "xVal": "94.8",
      "yVal": "52.66"
   },
   {
      "id": "133",
      "xVal": "95.2",
      "yVal": "47.78"
   },
   {
      "id": "134",
      "xVal": "95.6",
      "yVal": "93.1"
   },
   {
      "id": "135",
      "xVal": "96",
      "yVal": "63.44"
   },
   {
      "id": "136",
      "xVal": "96.4",
      "yVal": "61.12"
   },
   {
      "id": "137",
      "xVal": "96.8",
      "yVal": "95.46"
   },
   {
      "id": "138",
      "xVal": "97.2",
      "yVal": "65.43"
   },
   {
      "id": "139",
      "xVal": "97.6",
      "yVal": "100"
   },
   {
      "id": "140",
      "xVal": "98",
      "yVal": "100"
   },
   {
      "id": "141",
      "xVal": "98.4",
      "yVal": "92.06"
   },
   {
      "id": "142",
      "xVal": "98.8",
      "yVal": "100"
   },
   {
      "id": "143",
      "xVal": "99.2",
      "yVal": "72.73"
   },
   {
      "id": "144",
      "xVal": "99.6",
      "yVal": "100"
   },
   {
      "id": "145",
      "xVal": "100",
      "yVal": "95.54"
   },
   {
      "id": "146",
      "xVal": "100.4",
      "yVal": "86.93"
   },
   {
      "id": "147",
      "xVal": "100.8",
      "yVal": "100"
   },
   {
      "id": "148",
      "xVal": "101.2",
      "yVal": "100"
   },
   {
      "id": "149",
      "xVal": "101.6",
      "yVal": "67.04"
   },
   {
      "id": "150",
      "xVal": "102",
      "yVal": "100"
   },
   {
      "id": "151",
      "xVal": "102.4",
      "yVal": "100"
   },
   {
      "id": "152",
      "xVal": "102.8",
      "yVal": "74.05"
   },
   {
      "id": "153",
      "xVal": "103.2",
      "yVal": "78.37"
   },
   {
      "id": "154",
      "xVal": "103.6",
      "yVal": "51.04"
   },
   {
      "id": "155",
      "xVal": "104",
      "yVal": "100"
   },
   {
      "id": "156",
      "xVal": "104.4",
      "yVal": "82.49"
   },
   {
      "id": "157",
      "xVal": "104.8",
      "yVal": "100"
   },
   {
      "id": "158",
      "xVal": "105.2",
      "yVal": "100"
   },
   {
      "id": "159",
      "xVal": "105.6",
      "yVal": "93.1"
   },
   {
      "id": "160",
      "xVal": "106",
      "yVal": "90.39"
   },
   {
      "id": "161",
      "xVal": "106.4",
      "yVal": "99.92"
   },
   {
      "id": "162",
      "xVal": "106.8",
      "yVal": "85.77"
   },
   {
      "id": "163",
      "xVal": "107.2",
      "yVal": "100"
   },
   {
      "id": "164",
      "xVal": "107.6",
      "yVal": "96.75"
   },
   {
      "id": "165",
      "xVal": "108",
      "yVal": "100"
   },
   {
      "id": "166",
      "xVal": "108.4",
      "yVal": "100"
   },
   {
      "id": "167",
      "xVal": "108.8",
      "yVal": "100"
   },
   {
      "id": "168",
      "xVal": "109.2",
      "yVal": "99.4"
   },
   {
      "id": "169",
      "xVal": "109.6",
      "yVal": "63.66"
   },
   {
      "id": "170",
      "xVal": "110",
      "yVal": "100"
   },
   {
      "id": "171",
      "xVal": "110.4",
      "yVal": "68.14"
   },
   {
      "id": "172",
      "xVal": "110.8",
      "yVal": "100"
   },
   {
      "id": "173",
      "xVal": "111.2",
      "yVal": "81.91"
   },
   {
      "id": "174",
      "xVal": "111.6",
      "yVal": "56.89"
   },
   {
      "id": "175",
      "xVal": "112",
      "yVal": "100"
   },
   {
      "id": "176",
      "xVal": "112.4",
      "yVal": "98.02"
   },
   {
      "id": "177",
      "xVal": "112.8",
      "yVal": "94.05"
   },
   {
      "id": "178",
      "xVal": "113.2",
      "yVal": "51.89"
   },
   {
      "id": "179",
      "xVal": "113.6",
      "yVal": "100"
   },
   {
      "id": "180",
      "xVal": "114",
      "yVal": "100"
   },
   {
      "id": "181",
      "xVal": "114.4",
      "yVal": "100"
   },
   {
      "id": "182",
      "xVal": "114.8",
      "yVal": "100"
   },
   {
      "id": "183",
      "xVal": "115.2",
      "yVal": "95.45"
   },
   {
      "id": "184",
      "xVal": "115.6",
      "yVal": "62.49"
   },
   {
      "id": "185",
      "xVal": "116",
      "yVal": "100"
   },
   {
      "id": "186",
      "xVal": "116.4",
      "yVal": "100"
   },
   {
      "id": "187",
      "xVal": "116.8",
      "yVal": "100"
   },
   {
      "id": "188",
      "xVal": "117.2",
      "yVal": "66.87"
   },
   {
      "id": "189",
      "xVal": "117.6",
      "yVal": "97.87"
   },
   {
      "id": "190",
      "xVal": "118",
      "yVal": "42.38"
   },
   {
      "id": "191",
      "xVal": "118.4",
      "yVal": "100"
   },
   {
      "id": "192",
      "xVal": "118.8",
      "yVal": "100"
   },
   {
      "id": "193",
      "xVal": "119.2",
      "yVal": "66.82"
   },
   {
      "id": "194",
      "xVal": "119.6",
      "yVal": "4.83"
   },
   {
      "id": "195",
      "xVal": "120",
      "yVal": "64.4"
   },
   {
      "id": "196",
      "xVal": "120.4",
      "yVal": "100"
   },
   {
      "id": "197",
      "xVal": "120.8",
      "yVal": "100"
   },
   {
      "id": "198",
      "xVal": "121.2",
      "yVal": "100"
   },
   {
      "id": "199",
      "xVal": "121.6",
      "yVal": "90.79"
   },
   {
      "id": "200",
      "xVal": "122",
      "yVal": "73.5"
   },
   {
      "id": "201",
      "xVal": "122.4",
      "yVal": "100"
   },
   {
      "id": "202",
      "xVal": "122.8",
      "yVal": "42.93"
   },
   {
      "id": "203",
      "xVal": "123.2",
      "yVal": "79.94"
   },
   {
      "id": "204",
      "xVal": "123.6",
      "yVal": "74.12"
   },
   {
      "id": "205",
      "xVal": "124",
      "yVal": "100"
   },
   {
      "id": "206",
      "xVal": "124.4",
      "yVal": "55.58"
   },
   {
      "id": "207",
      "xVal": "124.8",
      "yVal": "100"
   },
   {
      "id": "208",
      "xVal": "125.2",
      "yVal": "31.76"
   },
   {
      "id": "209",
      "xVal": "125.6",
      "yVal": "100"
   },
   {
      "id": "210",
      "xVal": "126",
      "yVal": "74.9"
   },
   {
      "id": "211",
      "xVal": "126.4",
      "yVal": "79.92"
   },
   {
      "id": "212",
      "xVal": "126.8",
      "yVal": "100"
   },
   {
      "id": "213",
      "xVal": "127.2",
      "yVal": "96.83"
   },
   {
      "id": "214",
      "xVal": "127.6",
      "yVal": "94.28"
   },
   {
      "id": "215",
      "xVal": "128",
      "yVal": "70.66"
   },
   {
      "id": "216",
      "xVal": "128.4",
      "yVal": "87.94"
   },
   {
      "id": "217",
      "xVal": "128.8",
      "yVal": "100"
   },
   {
      "id": "218",
      "xVal": "129.2",
      "yVal": "100"
   },
   {
      "id": "219",
      "xVal": "129.6",
      "yVal": "100"
   },
   {
      "id": "220",
      "xVal": "130",
      "yVal": "74.3"
   },
   {
      "id": "221",
      "xVal": "130.4",
      "yVal": "58.96"
   },
   {
      "id": "222",
      "xVal": "130.8",
      "yVal": "77.61"
   },
   {
      "id": "223",
      "xVal": "131.2",
      "yVal": "76.96"
   },
   {
      "id": "224",
      "xVal": "131.6",
      "yVal": "80.65"
   },
   {
      "id": "225",
      "xVal": "132",
      "yVal": "100"
   },
   {
      "id": "226",
      "xVal": "132.4",
      "yVal": "80.46"
   },
   {
      "id": "227",
      "xVal": "132.8",
      "yVal": "100"
   },
   {
      "id": "228",
      "xVal": "133.2",
      "yVal": "72.69"
   },
   {
      "id": "229",
      "xVal": "133.6",
      "yVal": "93.25"
   },
   {
      "id": "230",
      "xVal": "134",
      "yVal": "57.11"
   },
   {
      "id": "231",
      "xVal": "134.4",
      "yVal": "81.35"
   },
   {
      "id": "232",
      "xVal": "134.8",
      "yVal": "86.15"
   },
   {
      "id": "233",
      "xVal": "135.2",
      "yVal": "80.86"
   },
   {
      "id": "234",
      "xVal": "135.6",
      "yVal": "100"
   },
   {
      "id": "235",
      "xVal": "136",
      "yVal": "13.59"
   },
   {
      "id": "236",
      "xVal": "136.4",
      "yVal": "87.23"
   },
   {
      "id": "237",
      "xVal": "136.8",
      "yVal": "81.97"
   },
   {
      "id": "238",
      "xVal": "137.2",
      "yVal": "100"
   },
   {
      "id": "239",
      "xVal": "137.6",
      "yVal": "88.63"
   },
   {
      "id": "240",
      "xVal": "138",
      "yVal": "90.45"
   },
   {
      "id": "241",
      "xVal": "138.4",
      "yVal": "90.64"
   },
   {
      "id": "242",
      "xVal": "138.8",
      "yVal": "77.65"
   },
   {
      "id": "243",
      "xVal": "139.2",
      "yVal": "83.44"
   },
   {
      "id": "244",
      "xVal": "139.6",
      "yVal": "78.58"
   },
   {
      "id": "245",
      "xVal": "140",
      "yVal": "44.34"
   },
   {
      "id": "246",
      "xVal": "140.4",
      "yVal": "25.91"
   },
   {
      "id": "247",
      "xVal": "140.8",
      "yVal": "93.65"
   },
   {
      "id": "248",
      "xVal": "141.2",
      "yVal": "100"
   },
   {
      "id": "249",
      "xVal": "141.6",
      "yVal": "87.68"
   },
   {
      "id": "250",
      "xVal": "142",
      "yVal": "36"
   },
   {
      "id": "251",
      "xVal": "142.4",
      "yVal": "94.54"
   },
   {
      "id": "252",
      "xVal": "142.8",
      "yVal": "66.14"
   },
   {
      "id": "253",
      "xVal": "143.2",
      "yVal": "96.32"
   },
   {
      "id": "254",
      "xVal": "143.6",
      "yVal": "65.74"
   },
   {
      "id": "255",
      "xVal": "144",
      "yVal": "62.28"
   },
   {
      "id": "256",
      "xVal": "144.4",
      "yVal": "51.84"
   },
   {
      "id": "257",
      "xVal": "144.8",
      "yVal": "100"
   },
   {
      "id": "258",
      "xVal": "145.2",
      "yVal": "100"
   },
   {
      "id": "259",
      "xVal": "145.6",
      "yVal": "100"
   },
   {
      "id": "260",
      "xVal": "146",
      "yVal": "100"
   },
   {
      "id": "261",
      "xVal": "146.4",
      "yVal": "59.75"
   },
   {
      "id": "262",
      "xVal": "146.8",
      "yVal": "70.19"
   },
   {
      "id": "263",
      "xVal": "147.2",
      "yVal": "37.13"
   },
   {
      "id": "264",
      "xVal": "147.6",
      "yVal": "100"
   },
   {
      "id": "265",
      "xVal": "148",
      "yVal": "50.63"
   },
   {
      "id": "266",
      "xVal": "148.4",
      "yVal": "44.38"
   },
   {
      "id": "267",
      "xVal": "148.8",
      "yVal": "80.75"
   },
   {
      "id": "268",
      "xVal": "149.2",
      "yVal": "66.3"
   },
   {
      "id": "269",
      "xVal": "149.6",
      "yVal": "24.48"
   },
   {
      "id": "270",
      "xVal": "150",
      "yVal": "48.62"
   },
   {
      "id": "271",
      "xVal": "150.4",
      "yVal": "47.42"
   },
   {
      "id": "272",
      "xVal": "150.8",
      "yVal": "74.06"
   },
   {
      "id": "273",
      "xVal": "151.2",
      "yVal": "100"
   },
   {
      "id": "274",
      "xVal": "151.6",
      "yVal": "42.21"
   },
   {
      "id": "275",
      "xVal": "152",
      "yVal": "0"
   },
   {
      "id": "276",
      "xVal": "152.4",
      "yVal": "100"
   },
   {
      "id": "277",
      "xVal": "152.8",
      "yVal": "100"
   },
   {
      "id": "278",
      "xVal": "153.2",
      "yVal": "76.12"
   },
   {
      "id": "279",
      "xVal": "153.6",
      "yVal": "51.76"
   },
   {
      "id": "280",
      "xVal": "154",
      "yVal": "87.49"
   },
   {
      "id": "281",
      "xVal": "154.4",
      "yVal": "89.73"
   },
   {
      "id": "282",
      "xVal": "154.8",
      "yVal": "0"
   },
   {
      "id": "283",
      "xVal": "155.2",
      "yVal": "16.07"
   },
   {
      "id": "284",
      "xVal": "155.6",
      "yVal": "94.81"
   },
   {
      "id": "285",
      "xVal": "156",
      "yVal": "73.67"
   },
   {
      "id": "286",
      "xVal": "156.4",
      "yVal": "67.46"
   },
   {
      "id": "287",
      "xVal": "156.8",
      "yVal": "44.87"
   },
   {
      "id": "288",
      "xVal": "157.2",
      "yVal": "14.73"
   },
   {
      "id": "289",
      "xVal": "157.6",
      "yVal": "0"
   },
   {
      "id": "290",
      "xVal": "158",
      "yVal": "36.38"
   },
   {
      "id": "291",
      "xVal": "158.4",
      "yVal": "10.16"
   },
   {
      "id": "292",
      "xVal": "158.8",
      "yVal": "0"
   },
   {
      "id": "293",
      "xVal": "159.2",
      "yVal": "0"
   },
   {
      "id": "294",
      "xVal": "159.6",
      "yVal": "47.84"
   },
   {
      "id": "295",
      "xVal": "160",
      "yVal": "29.48"
   },
   {
      "id": "296",
      "xVal": "160.4",
      "yVal": "21.23"
   },
   {
      "id": "297",
      "xVal": "160.8",
      "yVal": "32.92"
   },
   {
      "id": "298",
      "xVal": "161.2",
      "yVal": "45.1"
   },
   {
      "id": "299",
      "xVal": "161.6",
      "yVal": "45.32"
   },
   {
      "id": "300",
      "xVal": "162",
      "yVal": "87"
   },
   {
      "id": "301",
      "xVal": "162.4",
      "yVal": "23.12"
   },
   {
      "id": "302",
      "xVal": "162.8",
      "yVal": "66.96"
   },
   {
      "id": "303",
      "xVal": "163.2",
      "yVal": "81.57"
   },
   {
      "id": "304",
      "xVal": "163.6",
      "yVal": "32.24"
   },
   {
      "id": "305",
      "xVal": "164",
      "yVal": "0"
   },
   {
      "id": "306",
      "xVal": "164.4",
      "yVal": "70.59"
   },
   {
      "id": "307",
      "xVal": "164.8",
      "yVal": "93.31"
   },
   {
      "id": "308",
      "xVal": "165.2",
      "yVal": "74.32"
   },
   {
      "id": "309",
      "xVal": "165.6",
      "yVal": "65.7"
   },
   {
      "id": "310",
      "xVal": "166",
      "yVal": "92.59"
   },
   {
      "id": "311",
      "xVal": "166.4",
      "yVal": "47.95"
   },
   {
      "id": "312",
      "xVal": "166.8",
      "yVal": "100"
   },
   {
      "id": "313",
      "xVal": "167.2",
      "yVal": "100"
   },
   {
      "id": "314",
      "xVal": "167.6",
      "yVal": "40.96"
   },
   {
      "id": "315",
      "xVal": "168",
      "yVal": "100"
   },
   {
      "id": "316",
      "xVal": "168.4",
      "yVal": "99.17"
   },
   {
      "id": "317",
      "xVal": "168.8",
      "yVal": "100"
   },
   {
      "id": "318",
      "xVal": "169.2",
      "yVal": "100"
   },
   {
      "id": "319",
      "xVal": "169.6",
      "yVal": "94.66"
   },
   {
      "id": "320",
      "xVal": "170",
      "yVal": "100"
   },
   {
      "id": "321",
      "xVal": "170.4",
      "yVal": "100"
   },
   {
      "id": "322",
      "xVal": "170.8",
      "yVal": "69.45"
   },
   {
      "id": "323",
      "xVal": "171.2",
      "yVal": "65.56"
   },
   {
      "id": "324",
      "xVal": "171.6",
      "yVal": "100"
   },
   {
      "id": "325",
      "xVal": "172",
      "yVal": "100"
   },
   {
      "id": "326",
      "xVal": "172.4",
      "yVal": "100"
   },
   {
      "id": "327",
      "xVal": "172.8",
      "yVal": "89"
   },
   {
      "id": "328",
      "xVal": "173.2",
      "yVal": "100"
   },
   {
      "id": "329",
      "xVal": "173.6",
      "yVal": "100"
   },
   {
      "id": "330",
      "xVal": "174",
      "yVal": "36.56"
   },
   {
      "id": "331",
      "xVal": "174.4",
      "yVal": "76.19"
   },
   {
      "id": "332",
      "xVal": "174.8",
      "yVal": "100"
   },
   {
      "id": "333",
      "xVal": "175.2",
      "yVal": "100"
   },
   {
      "id": "334",
      "xVal": "175.6",
      "yVal": "100"
   },
   {
      "id": "335",
      "xVal": "176",
      "yVal": "61.59"
   },
   {
      "id": "336",
      "xVal": "176.4",
      "yVal": "100"
   },
   {
      "id": "337",
      "xVal": "176.8",
      "yVal": "100"
   },
   {
      "id": "338",
      "xVal": "177.2",
      "yVal": "57.5"
   },
   {
      "id": "339",
      "xVal": "177.6",
      "yVal": "37.17"
   },
   {
      "id": "340",
      "xVal": "178",
      "yVal": "91.33"
   },
   {
      "id": "341",
      "xVal": "178.4",
      "yVal": "100"
   },
   {
      "id": "342",
      "xVal": "178.8",
      "yVal": "55.97"
   },
   {
      "id": "343",
      "xVal": "179.2",
      "yVal": "100"
   },
   {
      "id": "344",
      "xVal": "179.6",
      "yVal": "92.55"
   },
   {
      "id": "345",
      "xVal": "180",
      "yVal": "100"
   },
   {
      "id": "346",
      "xVal": "180.4",
      "yVal": "100"
   },
   {
      "id": "347",
      "xVal": "180.8",
      "yVal": "68.95"
   },
   {
      "id": "348",
      "xVal": "181.2",
      "yVal": "100"
   },
   {
      "id": "349",
      "xVal": "181.6",
      "yVal": "72.02"
   },
   {
      "id": "350",
      "xVal": "182",
      "yVal": "100"
   },
   {
      "id": "351",
      "xVal": "182.4",
      "yVal": "77.94"
   },
   {
      "id": "352",
      "xVal": "182.8",
      "yVal": "59.49"
   },
   {
      "id": "353",
      "xVal": "183.2",
      "yVal": "100"
   },
   {
      "id": "354",
      "xVal": "183.6",
      "yVal": "74.59"
   },
   {
      "id": "355",
      "xVal": "184",
      "yVal": "100"
   },
   {
      "id": "356",
      "xVal": "184.4",
      "yVal": "100"
   },
   {
      "id": "357",
      "xVal": "184.8",
      "yVal": "100"
   },
   {
      "id": "358",
      "xVal": "185.2",
      "yVal": "72.48"
   },
   {
      "id": "359",
      "xVal": "185.6",
      "yVal": "77.9"
   },
   {
      "id": "360",
      "xVal": "186",
      "yVal": "60.04"
   },
   {
      "id": "361",
      "xVal": "186.4",
      "yVal": "57.36"
   },
   {
      "id": "362",
      "xVal": "186.8",
      "yVal": "77.52"
   },
   {
      "id": "363",
      "xVal": "187.2",
      "yVal": "34.67"
   },
   {
      "id": "364",
      "xVal": "187.6",
      "yVal": "45.6"
   },
   {
      "id": "365",
      "xVal": "188",
      "yVal": "43.69"
   },
   {
      "id": "366",
      "xVal": "188.4",
      "yVal": "74.51"
   },
   {
      "id": "367",
      "xVal": "188.8",
      "yVal": "56.89"
   },
   {
      "id": "368",
      "xVal": "189.2",
      "yVal": "5.03"
   },
   {
      "id": "369",
      "xVal": "189.6",
      "yVal": "71.15"
   },
   {
      "id": "370",
      "xVal": "190",
      "yVal": "68.61"
   },
   {
      "id": "371",
      "xVal": "190.4",
      "yVal": "0"
   },
   {
      "id": "372",
      "xVal": "190.8",
      "yVal": "19.96"
   },
   {
      "id": "373",
      "xVal": "191.2",
      "yVal": "100"
   },
   {
      "id": "374",
      "xVal": "191.6",
      "yVal": "37.59"
   },
   {
      "id": "375",
      "xVal": "192",
      "yVal": "40.8"
   },
   {
      "id": "376",
      "xVal": "192.4",
      "yVal": "20.22"
   },
   {
      "id": "377",
      "xVal": "192.8",
      "yVal": "0"
   },
   {
      "id": "378",
      "xVal": "193.2",
      "yVal": "81.83"
   },
   {
      "id": "379",
      "xVal": "193.6",
      "yVal": "76.22"
   },
   {
      "id": "380",
      "xVal": "194",
      "yVal": "33.54"
   },
   {
      "id": "381",
      "xVal": "194.4",
      "yVal": "0"
   },
   {
      "id": "382",
      "xVal": "194.8",
      "yVal": "30.36"
   },
   {
      "id": "383",
      "xVal": "195.2",
      "yVal": "49.14"
   },
   {
      "id": "384",
      "xVal": "195.6",
      "yVal": "27.11"
   },
   {
      "id": "385",
      "xVal": "196",
      "yVal": "50.97"
   },
   {
      "id": "386",
      "xVal": "196.4",
      "yVal": "1.23"
   },
   {
      "id": "387",
      "xVal": "196.8",
      "yVal": "4.52"
   },
   {
      "id": "388",
      "xVal": "197.2",
      "yVal": "0"
   },
   {
      "id": "389",
      "xVal": "197.6",
      "yVal": "49.6"
   },
   {
      "id": "390",
      "xVal": "198",
      "yVal": "35.72"
   },
   {
      "id": "391",
      "xVal": "198.4",
      "yVal": "0"
   },
   {
      "id": "392",
      "xVal": "198.8",
      "yVal": "14.19"
   },
   {
      "id": "393",
      "xVal": "199.2",
      "yVal": "0"
   },
   {
      "id": "394",
      "xVal": "199.6",
      "yVal": "55.97"
   },
   {
      "id": "395",
      "xVal": "200",
      "yVal": "32.1"
   },
   {
      "id": "396",
      "xVal": "200.4",
      "yVal": "42.37"
   },
   {
      "id": "397",
      "xVal": "200.8",
      "yVal": "4.57"
   },
   {
      "id": "398",
      "xVal": "201.2",
      "yVal": "35.16"
   },
   {
      "id": "399",
      "xVal": "201.6",
      "yVal": "42.19"
   },
   {
      "id": "400",
      "xVal": "202",
      "yVal": "17.18"
   },
   {
      "id": "401",
      "xVal": "202.4",
      "yVal": "34.44"
   },
   {
      "id": "402",
      "xVal": "202.8",
      "yVal": "13.1"
   },
   {
      "id": "403",
      "xVal": "203.2",
      "yVal": "100"
   },
   {
      "id": "404",
      "xVal": "203.6",
      "yVal": "34.09"
   },
   {
      "id": "405",
      "xVal": "204",
      "yVal": "59.74"
   },
   {
      "id": "406",
      "xVal": "204.4",
      "yVal": "66.36"
   },
   {
      "id": "407",
      "xVal": "204.8",
      "yVal": "81.36"
   },
   {
      "id": "408",
      "xVal": "205.2",
      "yVal": "97.47"
   },
   {
      "id": "409",
      "xVal": "205.6",
      "yVal": "44.42"
   },
   {
      "id": "410",
      "xVal": "206",
      "yVal": "100"
   },
   {
      "id": "411",
      "xVal": "206.4",
      "yVal": "53.8"
   },
   {
      "id": "412",
      "xVal": "206.8",
      "yVal": "52.47"
   },
   {
      "id": "413",
      "xVal": "207.2",
      "yVal": "62.12"
   },
   {
      "id": "414",
      "xVal": "207.6",
      "yVal": "76.45"
   },
   {
      "id": "415",
      "xVal": "208",
      "yVal": "77.57"
   },
   {
      "id": "416",
      "xVal": "208.4",
      "yVal": "87.31"
   },
   {
      "id": "417",
      "xVal": "208.8",
      "yVal": "100"
   },
   {
      "id": "418",
      "xVal": "209.2",
      "yVal": "91.55"
   },
   {
      "id": "419",
      "xVal": "209.6",
      "yVal": "90.3"
   },
   {
      "id": "420",
      "xVal": "210",
      "yVal": "73.79"
   },
   {
      "id": "421",
      "xVal": "210.4",
      "yVal": "100"
   },
   {
      "id": "422",
      "xVal": "210.8",
      "yVal": "100"
   },
   {
      "id": "423",
      "xVal": "211.2",
      "yVal": "71.34"
   },
   {
      "id": "424",
      "xVal": "211.6",
      "yVal": "83.2"
   },
   {
      "id": "425",
      "xVal": "212",
      "yVal": "76.97"
   },
   {
      "id": "426",
      "xVal": "212.4",
      "yVal": "90.53"
   },
   {
      "id": "427",
      "xVal": "212.8",
      "yVal": "100"
   },
   {
      "id": "428",
      "xVal": "213.2",
      "yVal": "100"
   },
   {
      "id": "429",
      "xVal": "213.6",
      "yVal": "57.29"
   },
   {
      "id": "430",
      "xVal": "214",
      "yVal": "100"
   },
   {
      "id": "431",
      "xVal": "214.4",
      "yVal": "100"
   },
   {
      "id": "432",
      "xVal": "214.8",
      "yVal": "100"
   },
   {
      "id": "433",
      "xVal": "215.2",
      "yVal": "98.13"
   },
   {
      "id": "434",
      "xVal": "215.6",
      "yVal": "46.4"
   },
   {
      "id": "435",
      "xVal": "216",
      "yVal": "87.74"
   },
   {
      "id": "436",
      "xVal": "216.4",
      "yVal": "69.25"
   },
   {
      "id": "437",
      "xVal": "216.8",
      "yVal": "33.95"
   },
   {
      "id": "438",
      "xVal": "217.2",
      "yVal": "89.72"
   },
   {
      "id": "439",
      "xVal": "217.6",
      "yVal": "100"
   },
   {
      "id": "440",
      "xVal": "218",
      "yVal": "100"
   },
   {
      "id": "441",
      "xVal": "218.4",
      "yVal": "100"
   },
   {
      "id": "442",
      "xVal": "218.8",
      "yVal": "100"
   },
   {
      "id": "443",
      "xVal": "219.2",
      "yVal": "100"
   },
   {
      "id": "444",
      "xVal": "219.6",
      "yVal": "100"
   },
   {
      "id": "445",
      "xVal": "220",
      "yVal": "100"
   },
   {
      "id": "446",
      "xVal": "220.4",
      "yVal": "100"
   },
   {
      "id": "447",
      "xVal": "220.8",
      "yVal": "100"
   },
   {
      "id": "448",
      "xVal": "221.2",
      "yVal": "100"
   },
   {
      "id": "449",
      "xVal": "221.6",
      "yVal": "100"
   },
   {
      "id": "450",
      "xVal": "222",
      "yVal": "100"
   },
   {
      "id": "451",
      "xVal": "222.4",
      "yVal": "100"
   },
   {
      "id": "452",
      "xVal": "222.8",
      "yVal": "100"
   },
   {
      "id": "453",
      "xVal": "223.2",
      "yVal": "100"
   },
   {
      "id": "454",
      "xVal": "223.6",
      "yVal": "100"
   },
   {
      "id": "455",
      "xVal": "224",
      "yVal": "100"
   },
   {
      "id": "456",
      "xVal": "224.4",
      "yVal": "89.94"
   },
   {
      "id": "457",
      "xVal": "224.8",
      "yVal": "100"
   },
   {
      "id": "458",
      "xVal": "225.2",
      "yVal": "100"
   },
   {
      "id": "459",
      "xVal": "225.6",
      "yVal": "100"
   },
   {
      "id": "460",
      "xVal": "226",
      "yVal": "100"
   },
   {
      "id": "461",
      "xVal": "226.4",
      "yVal": "100"
   },
   {
      "id": "462",
      "xVal": "226.8",
      "yVal": "100"
   },
   {
      "id": "463",
      "xVal": "227.2",
      "yVal": "100"
   },
   {
      "id": "464",
      "xVal": "227.6",
      "yVal": "100"
   },
   {
      "id": "465",
      "xVal": "228",
      "yVal": "100"
   },
   {
      "id": "466",
      "xVal": "228.4",
      "yVal": "100"
   },
   {
      "id": "467",
      "xVal": "228.8",
      "yVal": "100"
   },
   {
      "id": "468",
      "xVal": "229.2",
      "yVal": "100"
   },
   {
      "id": "469",
      "xVal": "229.6",
      "yVal": "100"
   },
   {
      "id": "470",
      "xVal": "230",
      "yVal": "100"
   },
   {
      "id": "471",
      "xVal": "230.4",
      "yVal": "100"
   },
   {
      "id": "472",
      "xVal": "230.8",
      "yVal": "100"
   },
   {
      "id": "473",
      "xVal": "231.2",
      "yVal": "100"
   },
   {
      "id": "474",
      "xVal": "231.6",
      "yVal": "100"
   },
   {
      "id": "475",
      "xVal": "232",
      "yVal": "100"
   },
   {
      "id": "476",
      "xVal": "232.4",
      "yVal": "100"
   },
   {
      "id": "477",
      "xVal": "232.8",
      "yVal": "100"
   },
   {
      "id": "478",
      "xVal": "233.2",
      "yVal": "100"
   },
   {
      "id": "479",
      "xVal": "233.6",
      "yVal": "24.59"
   },
   {
      "id": "480",
      "xVal": "234",
      "yVal": "13.5"
   },
   {
      "id": "481",
      "xVal": "234.4",
      "yVal": "0"
   },
   {
      "id": "482",
      "xVal": "234.8",
      "yVal": "0.9"
   },
   {
      "id": "483",
      "xVal": "235.2",
      "yVal": "0"
   },
   {
      "id": "484",
      "xVal": "235.6",
      "yVal": "27.38"
   },
   {
      "id": "485",
      "xVal": "236",
      "yVal": "0"
   },
   {
      "id": "486",
      "xVal": "236.4",
      "yVal": "0"
   },
   {
      "id": "487",
      "xVal": "236.8",
      "yVal": "10.26"
   },
   {
      "id": "488",
      "xVal": "237.2",
      "yVal": "40.66"
   },
   {
      "id": "489",
      "xVal": "237.6",
      "yVal": "0"
   },
   {
      "id": "490",
      "xVal": "238",
      "yVal": "34.49"
   },
   {
      "id": "491",
      "xVal": "238.4",
      "yVal": "0"
   },
   {
      "id": "492",
      "xVal": "238.8",
      "yVal": "10.95"
   },
   {
      "id": "493",
      "xVal": "239.2",
      "yVal": "0"
   },
   {
      "id": "494",
      "xVal": "239.6",
      "yVal": "39.52"
   },
   {
      "id": "495",
      "xVal": "240",
      "yVal": "28.46"
   },
   {
      "id": "496",
      "xVal": "240.4",
      "yVal": "30.75"
   },
   {
      "id": "497",
      "xVal": "240.8",
      "yVal": "0"
   },
   {
      "id": "498",
      "xVal": "241.2",
      "yVal": "0"
   },
   {
      "id": "499",
      "xVal": "241.6",
      "yVal": "0"
   },
   {
      "id": "500",
      "xVal": "242",
      "yVal": "15.46"
   },
   {
      "id": "501",
      "xVal": "242.4",
      "yVal": "0"
   },
   {
      "id": "502",
      "xVal": "242.8",
      "yVal": "30.81"
   },
   {
      "id": "503",
      "xVal": "243.2",
      "yVal": "43.08"
   },
   {
      "id": "504",
      "xVal": "243.6",
      "yVal": "17.6"
   },
   {
      "id": "505",
      "xVal": "244",
      "yVal": "9.6"
   },
   {
      "id": "506",
      "xVal": "244.4",
      "yVal": "0"
   },
   {
      "id": "507",
      "xVal": "244.8",
      "yVal": "20.58"
   },
   {
      "id": "508",
      "xVal": "245.2",
      "yVal": "50.63"
   },
   {
      "id": "509",
      "xVal": "245.6",
      "yVal": "2.51"
   },
   {
      "id": "510",
      "xVal": "246",
      "yVal": "9.28"
   },
   {
      "id": "511",
      "xVal": "246.4",
      "yVal": "0"
   },
   {
      "id": "512",
      "xVal": "246.8",
      "yVal": "50.05"
   },
   {
      "id": "513",
      "xVal": "247.2",
      "yVal": "67.78"
   },
   {
      "id": "514",
      "xVal": "247.6",
      "yVal": "0"
   },
   {
      "id": "515",
      "xVal": "248",
      "yVal": "5.87"
   },
   {
      "id": "516",
      "xVal": "248.4",
      "yVal": "7.71"
   },
   {
      "id": "517",
      "xVal": "248.8",
      "yVal": "17.5"
   },
   {
      "id": "518",
      "xVal": "249.2",
      "yVal": "29.45"
   },
   {
      "id": "519",
      "xVal": "249.6",
      "yVal": "20.45"
   },
   {
      "id": "520",
      "xVal": "250",
      "yVal": "44.33"
   },
   {
      "id": "521",
      "xVal": "250.4",
      "yVal": "67.88"
   },
   {
      "id": "522",
      "xVal": "250.8",
      "yVal": "14.59"
   },
   {
      "id": "523",
      "xVal": "251.2",
      "yVal": "12.75"
   },
   {
      "id": "524",
      "xVal": "251.6",
      "yVal": "9.8"
   },
   {
      "id": "525",
      "xVal": "252",
      "yVal": "41.4"
   },
   {
      "id": "526",
      "xVal": "252.4",
      "yVal": "0"
   },
   {
      "id": "527",
      "xVal": "252.8",
      "yVal": "23.51"
   },
   {
      "id": "528",
      "xVal": "253.2",
      "yVal": "0"
   },
   {
      "id": "529",
      "xVal": "253.6",
      "yVal": "60.98"
   },
   {
      "id": "530",
      "xVal": "254",
      "yVal": "0"
   },
   {
      "id": "531",
      "xVal": "254.4",
      "yVal": "29.75"
   },
   {
      "id": "532",
      "xVal": "254.8",
      "yVal": "16.9"
   },
   {
      "id": "533",
      "xVal": "255.2",
      "yVal": "42.51"
   },
   {
      "id": "534",
      "xVal": "255.6",
      "yVal": "29.24"
   },
   {
      "id": "535",
      "xVal": "256",
      "yVal": "28.94"
   },
   {
      "id": "536",
      "xVal": "256.4",
      "yVal": "12.05"
   },
   {
      "id": "537",
      "xVal": "256.8",
      "yVal": "13.42"
   },
   {
      "id": "538",
      "xVal": "257.2",
      "yVal": "0.96"
   },
   {
      "id": "539",
      "xVal": "257.6",
      "yVal": "4.6"
   },
   {
      "id": "540",
      "xVal": "258",
      "yVal": "35.21"
   },
   {
      "id": "541",
      "xVal": "258.4",
      "yVal": "39.18"
   },
   {
      "id": "542",
      "xVal": "258.8",
      "yVal": "0"
   },
   {
      "id": "543",
      "xVal": "259.2",
      "yVal": "41.19"
   },
   {
      "id": "544",
      "xVal": "259.6",
      "yVal": "11.68"
   },
   {
      "id": "545",
      "xVal": "260",
      "yVal": "85.6"
   },
   {
      "id": "546",
      "xVal": "260.4",
      "yVal": "0"
   },
   {
      "id": "547",
      "xVal": "260.8",
      "yVal": "78.2"
   },
   {
      "id": "548",
      "xVal": "261.2",
      "yVal": "74.01"
   },
   {
      "id": "549",
      "xVal": "261.6",
      "yVal": "62.69"
   },
   {
      "id": "550",
      "xVal": "262",
      "yVal": "65.78"
   },
   {
      "id": "551",
      "xVal": "262.4",
      "yVal": "0"
   },
   {
      "id": "552",
      "xVal": "262.8",
      "yVal": "0"
   },
   {
      "id": "553",
      "xVal": "263.2",
      "yVal": "0"
   },
   {
      "id": "554",
      "xVal": "263.6",
      "yVal": "14.96"
   },
   {
      "id": "555",
      "xVal": "264",
      "yVal": "6.99"
   },
   {
      "id": "556",
      "xVal": "264.4",
      "yVal": "75.09"
   },
   {
      "id": "557",
      "xVal": "264.8",
      "yVal": "38.92"
   },
   {
      "id": "558",
      "xVal": "265.2",
      "yVal": "40.42"
   },
   {
      "id": "559",
      "xVal": "265.6",
      "yVal": "51.43"
   },
   {
      "id": "560",
      "xVal": "266",
      "yVal": "34.56"
   },
   {
      "id": "561",
      "xVal": "266.4",
      "yVal": "45.9"
   },
   {
      "id": "562",
      "xVal": "266.8",
      "yVal": "17.44"
   },
   {
      "id": "563",
      "xVal": "267.2",
      "yVal": "29.96"
   },
   {
      "id": "564",
      "xVal": "267.6",
      "yVal": "48.76"
   },
   {
      "id": "565",
      "xVal": "268",
      "yVal": "17.94"
   },
   {
      "id": "566",
      "xVal": "268.4",
      "yVal": "0"
   },
   {
      "id": "567",
      "xVal": "268.8",
      "yVal": "4.25"
   },
   {
      "id": "568",
      "xVal": "269.2",
      "yVal": "21.83"
   },
   {
      "id": "569",
      "xVal": "269.6",
      "yVal": "41.09"
   },
   {
      "id": "570",
      "xVal": "270",
      "yVal": "67.69"
   },
   {
      "id": "571",
      "xVal": "270.4",
      "yVal": "26.46"
   },
   {
      "id": "572",
      "xVal": "270.8",
      "yVal": "55.52"
   },
   {
      "id": "573",
      "xVal": "271.2",
      "yVal": "0"
   },
   {
      "id": "574",
      "xVal": "271.6",
      "yVal": "33.06"
   },
   {
      "id": "575",
      "xVal": "272",
      "yVal": "61.73"
   },
   {
      "id": "576",
      "xVal": "272.4",
      "yVal": "57.08"
   },
   {
      "id": "577",
      "xVal": "272.8",
      "yVal": "52.08"
   },
   {
      "id": "578",
      "xVal": "273.2",
      "yVal": "81.12"
   },
   {
      "id": "579",
      "xVal": "273.6",
      "yVal": "0"
   },
   {
      "id": "580",
      "xVal": "274",
      "yVal": "81.61"
   },
   {
      "id": "581",
      "xVal": "274.4",
      "yVal": "75.49"
   },
   {
      "id": "582",
      "xVal": "274.8",
      "yVal": "78.08"
   },
   {
      "id": "583",
      "xVal": "275.2",
      "yVal": "0"
   },
   {
      "id": "584",
      "xVal": "275.6",
      "yVal": "74.46"
   },
   {
      "id": "585",
      "xVal": "276",
      "yVal": "61.42"
   },
   {
      "id": "586",
      "xVal": "276.4",
      "yVal": "8.96"
   },
   {
      "id": "587",
      "xVal": "276.8",
      "yVal": "57.81"
   },
   {
      "id": "588",
      "xVal": "277.2",
      "yVal": "77.23"
   },
   {
      "id": "589",
      "xVal": "277.6",
      "yVal": "22.81"
   },
   {
      "id": "590",
      "xVal": "278",
      "yVal": "57.47"
   },
   {
      "id": "591",
      "xVal": "278.4",
      "yVal": "44.06"
   },
   {
      "id": "592",
      "xVal": "278.8",
      "yVal": "23.36"
   },
   {
      "id": "593",
      "xVal": "279.2",
      "yVal": "100"
   },
   {
      "id": "594",
      "xVal": "279.6",
      "yVal": "22.74"
   },
   {
      "id": "595",
      "xVal": "280",
      "yVal": "19.32"
   },
   {
      "id": "596",
      "xVal": "280.4",
      "yVal": "73.87"
   },
   {
      "id": "597",
      "xVal": "280.8",
      "yVal": "40"
   },
   {
      "id": "598",
      "xVal": "281.2",
      "yVal": "24.17"
   },
   {
      "id": "599",
      "xVal": "281.6",
      "yVal": "37.14"
   },
   {
      "id": "600",
      "xVal": "282",
      "yVal": "0"
   },
   {
      "id": "601",
      "xVal": "282.4",
      "yVal": "8.14"
   },
   {
      "id": "602",
      "xVal": "282.8",
      "yVal": "100"
   },
   {
      "id": "603",
      "xVal": "283.2",
      "yVal": "32.86"
   },
   {
      "id": "604",
      "xVal": "283.6",
      "yVal": "72.57"
   },
   {
      "id": "605",
      "xVal": "284",
      "yVal": "34.19"
   },
   {
      "id": "606",
      "xVal": "284.4",
      "yVal": "46.66"
   },
   {
      "id": "607",
      "xVal": "284.8",
      "yVal": "34.69"
   },
   {
      "id": "608",
      "xVal": "285.2",
      "yVal": "100"
   },
   {
      "id": "609",
      "xVal": "285.6",
      "yVal": "64.53"
   },
   {
      "id": "610",
      "xVal": "286",
      "yVal": "83.73"
   },
   {
      "id": "611",
      "xVal": "286.4",
      "yVal": "96.39"
   },
   {
      "id": "612",
      "xVal": "286.8",
      "yVal": "43.94"
   },
   {
      "id": "613",
      "xVal": "287.2",
      "yVal": "24.04"
   },
   {
      "id": "614",
      "xVal": "287.6",
      "yVal": "50"
   },
   {
      "id": "615",
      "xVal": "288",
      "yVal": "94.14"
   },
   {
      "id": "616",
      "xVal": "288.4",
      "yVal": "54.45"
   },
   {
      "id": "617",
      "xVal": "288.8",
      "yVal": "20.91"
   },
   {
      "id": "618",
      "xVal": "289.2",
      "yVal": "5.79"
   },
   {
      "id": "619",
      "xVal": "289.6",
      "yVal": "72.66"
   },
   {
      "id": "620",
      "xVal": "290",
      "yVal": "67.15"
   },
   {
      "id": "621",
      "xVal": "290.4",
      "yVal": "63.59"
   },
   {
      "id": "622",
      "xVal": "290.8",
      "yVal": "60.33"
   },
   {
      "id": "623",
      "xVal": "291.2",
      "yVal": "69.81"
   },
   {
      "id": "624",
      "xVal": "291.6",
      "yVal": "65.73"
   },
   {
      "id": "625",
      "xVal": "292",
      "yVal": "73.61"
   },
   {
      "id": "626",
      "xVal": "292.4",
      "yVal": "77.05"
   },
   {
      "id": "627",
      "xVal": "292.8",
      "yVal": "84.36"
   },
   {
      "id": "628",
      "xVal": "293.2",
      "yVal": "76.41"
   },
   {
      "id": "629",
      "xVal": "293.6",
      "yVal": "72.36"
   },
   {
      "id": "630",
      "xVal": "294",
      "yVal": "100"
   },
   {
      "id": "631",
      "xVal": "294.4",
      "yVal": "57.61"
   },
   {
      "id": "632",
      "xVal": "294.8",
      "yVal": "96.07"
   },
   {
      "id": "633",
      "xVal": "295.2",
      "yVal": "52.06"
   },
   {
      "id": "634",
      "xVal": "295.6",
      "yVal": "73.87"
   },
   {
      "id": "635",
      "xVal": "296",
      "yVal": "45.87"
   },
   {
      "id": "636",
      "xVal": "296.4",
      "yVal": "65.43"
   },
   {
      "id": "637",
      "xVal": "296.8",
      "yVal": "100"
   },
   {
      "id": "638",
      "xVal": "297.2",
      "yVal": "63.44"
   },
   {
      "id": "639",
      "xVal": "297.6",
      "yVal": "70.04"
   },
   {
      "id": "640",
      "xVal": "298",
      "yVal": "44.25"
   },
   {
      "id": "641",
      "xVal": "298.4",
      "yVal": "84.24"
   },
   {
      "id": "642",
      "xVal": "298.8",
      "yVal": "11.96"
   },
   {
      "id": "643",
      "xVal": "299.2",
      "yVal": "22.12"
   },
   {
      "id": "644",
      "xVal": "299.6",
      "yVal": "62.26"
   },
   {
      "id": "645",
      "xVal": "300",
      "yVal": "82.1"
   },
   {
      "id": "646",
      "xVal": "300.4",
      "yVal": "100"
   },
   {
      "id": "647",
      "xVal": "300.8",
      "yVal": "63.36"
   },
   {
      "id": "648",
      "xVal": "301.2",
      "yVal": "72.61"
   },
   {
      "id": "649",
      "xVal": "301.6",
      "yVal": "97.71"
   },
   {
      "id": "650",
      "xVal": "302",
      "yVal": "100"
   },
   {
      "id": "651",
      "xVal": "302.4",
      "yVal": "98.86"
   },
   {
      "id": "652",
      "xVal": "302.8",
      "yVal": "100"
   },
   {
      "id": "653",
      "xVal": "303.2",
      "yVal": "79.84"
   },
   {
      "id": "654",
      "xVal": "303.6",
      "yVal": "96.87"
   },
   {
      "id": "655",
      "xVal": "304",
      "yVal": "100"
   },
   {
      "id": "656",
      "xVal": "304.4",
      "yVal": "57.77"
   },
   {
      "id": "657",
      "xVal": "304.8",
      "yVal": "45.11"
   },
   {
      "id": "658",
      "xVal": "305.2",
      "yVal": "89.06"
   },
   {
      "id": "659",
      "xVal": "305.6",
      "yVal": "91.14"
   },
   {
      "id": "660",
      "xVal": "306",
      "yVal": "85.03"
   },
   {
      "id": "661",
      "xVal": "306.4",
      "yVal": "60.97"
   },
   {
      "id": "662",
      "xVal": "306.8",
      "yVal": "64.13"
   },
   {
      "id": "663",
      "xVal": "307.2",
      "yVal": "84.54"
   },
   {
      "id": "664",
      "xVal": "307.6",
      "yVal": "59.46"
   },
   {
      "id": "665",
      "xVal": "308",
      "yVal": "78.44"
   },
   {
      "id": "666",
      "xVal": "308.4",
      "yVal": "1.86"
   },
   {
      "id": "667",
      "xVal": "308.8",
      "yVal": "96.56"
   },
   {
      "id": "668",
      "xVal": "309.2",
      "yVal": "93.05"
   },
   {
      "id": "669",
      "xVal": "309.6",
      "yVal": "100"
   },
   {
      "id": "670",
      "xVal": "310",
      "yVal": "100"
   },
   {
      "id": "671",
      "xVal": "310.4",
      "yVal": "100"
   },
   {
      "id": "672",
      "xVal": "310.8",
      "yVal": "100"
   },
   {
      "id": "673",
      "xVal": "311.2",
      "yVal": "100"
   },
   {
      "id": "674",
      "xVal": "311.6",
      "yVal": "100"
   },
   {
      "id": "675",
      "xVal": "312",
      "yVal": "100"
   },
   {
      "id": "676",
      "xVal": "312.4",
      "yVal": "100"
   },
   {
      "id": "677",
      "xVal": "312.8",
      "yVal": "100"
   },
   {
      "id": "678",
      "xVal": "313.2",
      "yVal": "100"
   },
   {
      "id": "679",
      "xVal": "313.6",
      "yVal": "100"
   },
   {
      "id": "680",
      "xVal": "314",
      "yVal": "100"
   },
   {
      "id": "681",
      "xVal": "314.4",
      "yVal": "100"
   },
   {
      "id": "682",
      "xVal": "314.8",
      "yVal": "100"
   },
   {
      "id": "683",
      "xVal": "315.2",
      "yVal": "100"
   },
   {
      "id": "684",
      "xVal": "315.6",
      "yVal": "100"
   },
   {
      "id": "685",
      "xVal": "316",
      "yVal": "100"
   },
   {
      "id": "686",
      "xVal": "316.4",
      "yVal": "100"
   },
   {
      "id": "687",
      "xVal": "316.8",
      "yVal": "100"
   },
   {
      "id": "688",
      "xVal": "317.2",
      "yVal": "100"
   },
   {
      "id": "689",
      "xVal": "317.6",
      "yVal": "100"
   },
   {
      "id": "690",
      "xVal": "318",
      "yVal": "100"
   },
   {
      "id": "691",
      "xVal": "318.4",
      "yVal": "100"
   },
   {
      "id": "692",
      "xVal": "318.8",
      "yVal": "99.2"
   },
   {
      "id": "693",
      "xVal": "319.2",
      "yVal": "100"
   },
   {
      "id": "694",
      "xVal": "319.6",
      "yVal": "100"
   },
   {
      "id": "695",
      "xVal": "320",
      "yVal": "100"
   },
   {
      "id": "696",
      "xVal": "320.4",
      "yVal": "100"
   },
   {
      "id": "697",
      "xVal": "320.8",
      "yVal": "100"
   },
   {
      "id": "698",
      "xVal": "321.2",
      "yVal": "100"
   },
   {
      "id": "699",
      "xVal": "321.6",
      "yVal": "100"
   },
   {
      "id": "700",
      "xVal": "322",
      "yVal": "100"
   },
   {
      "id": "701",
      "xVal": "322.4",
      "yVal": "100"
   },
   {
      "id": "702",
      "xVal": "322.8",
      "yVal": "100"
   },
   {
      "id": "703",
      "xVal": "323.2",
      "yVal": "100"
   },
   {
      "id": "704",
      "xVal": "323.6",
      "yVal": "30.94"
   },
   {
      "id": "705",
      "xVal": "324",
      "yVal": "100"
   },
   {
      "id": "706",
      "xVal": "324.4",
      "yVal": "100"
   },
   {
      "id": "707",
      "xVal": "324.8",
      "yVal": "90.35"
   },
   {
      "id": "708",
      "xVal": "325.2",
      "yVal": "90.87"
   },
   {
      "id": "709",
      "xVal": "325.6",
      "yVal": "100"
   },
   {
      "id": "710",
      "xVal": "326",
      "yVal": "63.7"
   },
   {
      "id": "711",
      "xVal": "326.4",
      "yVal": "94.79"
   },
   {
      "id": "712",
      "xVal": "326.8",
      "yVal": "100"
   },
   {
      "id": "713",
      "xVal": "327.2",
      "yVal": "86.24"
   },
   {
      "id": "714",
      "xVal": "327.6",
      "yVal": "100"
   },
   {
      "id": "715",
      "xVal": "328",
      "yVal": "100"
   },
   {
      "id": "716",
      "xVal": "328.4",
      "yVal": "100"
   },
   {
      "id": "717",
      "xVal": "328.8",
      "yVal": "100"
   },
   {
      "id": "718",
      "xVal": "329.2",
      "yVal": "45.03"
   },
   {
      "id": "719",
      "xVal": "329.6",
      "yVal": "100"
   },
   {
      "id": "720",
      "xVal": "330",
      "yVal": "100"
   },
   {
      "id": "721",
      "xVal": "330.4",
      "yVal": "61.24"
   },
   {
      "id": "722",
      "xVal": "330.8",
      "yVal": "86.38"
   },
   {
      "id": "723",
      "xVal": "331.2",
      "yVal": "91.25"
   },
   {
      "id": "724",
      "xVal": "331.6",
      "yVal": "40.49"
   },
   {
      "id": "725",
      "xVal": "332",
      "yVal": "100"
   },
   {
      "id": "726",
      "xVal": "332.4",
      "yVal": "52.53"
   },
   {
      "id": "727",
      "xVal": "332.8",
      "yVal": "68.66"
   },
   {
      "id": "728",
      "xVal": "333.2",
      "yVal": "100"
   },
   {
      "id": "729",
      "xVal": "333.6",
      "yVal": "100"
   },
   {
      "id": "730",
      "xVal": "334",
      "yVal": "81.17"
   },
   {
      "id": "731",
      "xVal": "334.4",
      "yVal": "100"
   },
   {
      "id": "732",
      "xVal": "334.8",
      "yVal": "66.25"
   },
   {
      "id": "733",
      "xVal": "335.2",
      "yVal": "84.55"
   },
   {
      "id": "734",
      "xVal": "335.6",
      "yVal": "55.63"
   },
   {
      "id": "735",
      "xVal": "336",
      "yVal": "28.14"
   },
   {
      "id": "736",
      "xVal": "336.4",
      "yVal": "62.72"
   },
   {
      "id": "737",
      "xVal": "336.8",
      "yVal": "95.14"
   },
   {
      "id": "738",
      "xVal": "337.2",
      "yVal": "5.29"
   },
   {
      "id": "739",
      "xVal": "337.6",
      "yVal": "72.96"
   },
   {
      "id": "740",
      "xVal": "338",
      "yVal": "64.32"
   },
   {
      "id": "741",
      "xVal": "338.4",
      "yVal": "54.7"
   },
   {
      "id": "742",
      "xVal": "338.8",
      "yVal": "14.5"
   },
   {
      "id": "743",
      "xVal": "339.2",
      "yVal": "58.93"
   },
   {
      "id": "744",
      "xVal": "339.6",
      "yVal": "76.9"
   },
   {
      "id": "745",
      "xVal": "340",
      "yVal": "78.2"
   },
   {
      "id": "746",
      "xVal": "340.4",
      "yVal": "54.91"
   },
   {
      "id": "747",
      "xVal": "340.8",
      "yVal": "10.56"
   },
   {
      "id": "748",
      "xVal": "341.2",
      "yVal": "56.29"
   },
   {
      "id": "749",
      "xVal": "341.6",
      "yVal": "53.46"
   },
   {
      "id": "750",
      "xVal": "342",
      "yVal": "62.02"
   },
   {
      "id": "751",
      "xVal": "342.4",
      "yVal": "31.39"
   },
   {
      "id": "752",
      "xVal": "342.8",
      "yVal": "0"
   },
   {
      "id": "753",
      "xVal": "343.2",
      "yVal": "32.13"
   },
   {
      "id": "754",
      "xVal": "343.6",
      "yVal": "69.7"
   },
   {
      "id": "755",
      "xVal": "344",
      "yVal": "7.01"
   },
   {
      "id": "756",
      "xVal": "344.4",
      "yVal": "6.06"
   },
   {
      "id": "757",
      "xVal": "344.8",
      "yVal": "0"
   },
   {
      "id": "758",
      "xVal": "345.2",
      "yVal": "0"
   },
   {
      "id": "759",
      "xVal": "345.6",
      "yVal": "17.28"
   },
   {
      "id": "760",
      "xVal": "346",
      "yVal": "35.85"
   },
   {
      "id": "761",
      "xVal": "346.4",
      "yVal": "0"
   },
   {
      "id": "762",
      "xVal": "346.8",
      "yVal": "20.36"
   },
   {
      "id": "763",
      "xVal": "347.2",
      "yVal": "4.4"
   },
   {
      "id": "764",
      "xVal": "347.6",
      "yVal": "0"
   },
   {
      "id": "765",
      "xVal": "348",
      "yVal": "0"
   },
   {
      "id": "766",
      "xVal": "348.4",
      "yVal": "100"
   },
   {
      "id": "767",
      "xVal": "348.8",
      "yVal": "91.18"
   },
   {
      "id": "768",
      "xVal": "349.2",
      "yVal": "100"
   },
   {
      "id": "769",
      "xVal": "349.6",
      "yVal": "99.89"
   },
   {
      "id": "770",
      "xVal": "350",
      "yVal": "96.04"
   },
   {
      "id": "771",
      "xVal": "350.4",
      "yVal": "100"
   },
   {
      "id": "772",
      "xVal": "350.8",
      "yVal": "100"
   },
   {
      "id": "773",
      "xVal": "351.2",
      "yVal": "84.98"
   },
   {
      "id": "774",
      "xVal": "351.6",
      "yVal": "77.33"
   },
   {
      "id": "775",
      "xVal": "352",
      "yVal": "61.12"
   },
   {
      "id": "776",
      "xVal": "352.4",
      "yVal": "100"
   },
   {
      "id": "777",
      "xVal": "352.8",
      "yVal": "100"
   },
   {
      "id": "778",
      "xVal": "353.2",
      "yVal": "100"
   },
   {
      "id": "779",
      "xVal": "353.6",
      "yVal": "100"
   },
   {
      "id": "780",
      "xVal": "354",
      "yVal": "90.86"
   },
   {
      "id": "781",
      "xVal": "354.4",
      "yVal": "100"
   },
   {
      "id": "782",
      "xVal": "354.8",
      "yVal": "63.27"
   },
   {
      "id": "783",
      "xVal": "355.2",
      "yVal": "100"
   },
   {
      "id": "784",
      "xVal": "355.6",
      "yVal": "81.22"
   },
   {
      "id": "785",
      "xVal": "356",
      "yVal": "66.35"
   },
   {
      "id": "786",
      "xVal": "356.4",
      "yVal": "100"
   },
   {
      "id": "787",
      "xVal": "356.8",
      "yVal": "72.82"
   },
   {
      "id": "788",
      "xVal": "357.2",
      "yVal": "47.07"
   },
   {
      "id": "789",
      "xVal": "357.6",
      "yVal": "100"
   },
   {
      "id": "790",
      "xVal": "358",
      "yVal": "100"
   },
   {
      "id": "791",
      "xVal": "358.4",
      "yVal": "73.69"
   },
   {
      "id": "792",
      "xVal": "358.8",
      "yVal": "100"
   },
   {
      "id": "793",
      "xVal": "359.2",
      "yVal": "8.26"
   },
   {
      "id": "794",
      "xVal": "359.6",
      "yVal": "67.13"
   },
   {
      "id": "795",
      "xVal": "360",
      "yVal": "100"
   },
   {
      "id": "796",
      "xVal": "360.4",
      "yVal": "100"
   },
   {
      "id": "797",
      "xVal": "360.8",
      "yVal": "100"
   },
   {
      "id": "798",
      "xVal": "361.2",
      "yVal": "100"
   },
   {
      "id": "799",
      "xVal": "361.6",
      "yVal": "100"
   },
   {
      "id": "800",
      "xVal": "362",
      "yVal": "100"
   },
   {
      "id": "801",
      "xVal": "362.4",
      "yVal": "55.54"
   },
   {
      "id": "802",
      "xVal": "362.8",
      "yVal": "83.11"
   },
   {
      "id": "803",
      "xVal": "363.2",
      "yVal": "100"
   },
   {
      "id": "804",
      "xVal": "363.6",
      "yVal": "87.85"
   },
   {
      "id": "805",
      "xVal": "364",
      "yVal": "89.01"
   },
   {
      "id": "806",
      "xVal": "364.4",
      "yVal": "100"
   },
   {
      "id": "807",
      "xVal": "364.8",
      "yVal": "100"
   },
   {
      "id": "808",
      "xVal": "365.2",
      "yVal": "91"
   },
   {
      "id": "809",
      "xVal": "365.6",
      "yVal": "99.37"
   },
   {
      "id": "810",
      "xVal": "366",
      "yVal": "51.55"
   },
   {
      "id": "811",
      "xVal": "366.4",
      "yVal": "64.41"
   },
   {
      "id": "812",
      "xVal": "366.8",
      "yVal": "44.97"
   },
   {
      "id": "813",
      "xVal": "367.2",
      "yVal": "63.29"
   },
   {
      "id": "814",
      "xVal": "367.6",
      "yVal": "100"
   },
   {
      "id": "815",
      "xVal": "368",
      "yVal": "71.72"
   },
   {
      "id": "816",
      "xVal": "368.4",
      "yVal": "99.84"
   },
   {
      "id": "817",
      "xVal": "368.8",
      "yVal": "100"
   },
   {
      "id": "818",
      "xVal": "369.2",
      "yVal": "97.41"
   },
   {
      "id": "819",
      "xVal": "369.6",
      "yVal": "79.5"
   },
   {
      "id": "820",
      "xVal": "370",
      "yVal": "64.91"
   },
   {
      "id": "821",
      "xVal": "370.4",
      "yVal": "85.59"
   },
   {
      "id": "822",
      "xVal": "370.8",
      "yVal": "100"
   },
   {
      "id": "823",
      "xVal": "371.2",
      "yVal": "75.8"
   },
   {
      "id": "824",
      "xVal": "371.6",
      "yVal": "76.94"
   },
   {
      "id": "825",
      "xVal": "372",
      "yVal": "100"
   },
   {
      "id": "826",
      "xVal": "372.4",
      "yVal": "96.64"
   },
   {
      "id": "827",
      "xVal": "372.8",
      "yVal": "74.65"
   },
   {
      "id": "828",
      "xVal": "373.2",
      "yVal": "95.46"
   },
   {
      "id": "829",
      "xVal": "373.6",
      "yVal": "69.39"
   },
   {
      "id": "830",
      "xVal": "374",
      "yVal": "89.76"
   },
   {
      "id": "831",
      "xVal": "374.4",
      "yVal": "74.82"
   },
   {
      "id": "832",
      "xVal": "374.8",
      "yVal": "100"
   },
   {
      "id": "833",
      "xVal": "375.2",
      "yVal": "55.98"
   },
   {
      "id": "834",
      "xVal": "375.6",
      "yVal": "69.33"
   },
   {
      "id": "835",
      "xVal": "376",
      "yVal": "99.25"
   },
   {
      "id": "836",
      "xVal": "376.4",
      "yVal": "100"
   },
   {
      "id": "837",
      "xVal": "376.8",
      "yVal": "100"
   },
   {
      "id": "838",
      "xVal": "377.2",
      "yVal": "82.12"
   },
   {
      "id": "839",
      "xVal": "377.6",
      "yVal": "100"
   },
   {
      "id": "840",
      "xVal": "378",
      "yVal": "100"
   },
   {
      "id": "841",
      "xVal": "378.4",
      "yVal": "60.86"
   },
   {
      "id": "842",
      "xVal": "378.8",
      "yVal": "88.46"
   },
   {
      "id": "843",
      "xVal": "379.2",
      "yVal": "94.35"
   },
   {
      "id": "844",
      "xVal": "379.6",
      "yVal": "89.54"
   },
   {
      "id": "845",
      "xVal": "380",
      "yVal": "65.48"
   },
   {
      "id": "846",
      "xVal": "380.4",
      "yVal": "100"
   },
   {
      "id": "847",
      "xVal": "380.8",
      "yVal": "74.45"
   },
   {
      "id": "848",
      "xVal": "381.2",
      "yVal": "45.38"
   },
   {
      "id": "849",
      "xVal": "381.6",
      "yVal": "100"
   },
   {
      "id": "850",
      "xVal": "382",
      "yVal": "77.43"
   },
   {
      "id": "851",
      "xVal": "382.4",
      "yVal": "64.61"
   },
   {
      "id": "852",
      "xVal": "382.8",
      "yVal": "100"
   },
   {
      "id": "853",
      "xVal": "383.2",
      "yVal": "56.21"
   },
   {
      "id": "854",
      "xVal": "383.6",
      "yVal": "34.38"
   },
   {
      "id": "855",
      "xVal": "384",
      "yVal": "75.81"
   },
   {
      "id": "856",
      "xVal": "384.4",
      "yVal": "80.53"
   },
   {
      "id": "857",
      "xVal": "384.8",
      "yVal": "34.21"
   },
   {
      "id": "858",
      "xVal": "385.2",
      "yVal": "100"
   },
   {
      "id": "859",
      "xVal": "385.6",
      "yVal": "93.08"
   },
   {
      "id": "860",
      "xVal": "386",
      "yVal": "60.25"
   },
   {
      "id": "861",
      "xVal": "386.4",
      "yVal": "86.46"
   },
   {
      "id": "862",
      "xVal": "386.8",
      "yVal": "33.56"
   },
   {
      "id": "863",
      "xVal": "387.2",
      "yVal": "50.08"
   },
   {
      "id": "864",
      "xVal": "387.6",
      "yVal": "59.91"
   },
   {
      "id": "865",
      "xVal": "388",
      "yVal": "38.39"
   },
   {
      "id": "866",
      "xVal": "388.4",
      "yVal": "100"
   },
   {
      "id": "867",
      "xVal": "388.8",
      "yVal": "85.34"
   },
   {
      "id": "868",
      "xVal": "389.2",
      "yVal": "38.36"
   },
   {
      "id": "869",
      "xVal": "389.6",
      "yVal": "50.93"
   },
   {
      "id": "870",
      "xVal": "390",
      "yVal": "31.55"
   },
   {
      "id": "871",
      "xVal": "390.4",
      "yVal": "30.15"
   },
   {
      "id": "872",
      "xVal": "390.8",
      "yVal": "82.35"
   },
   {
      "id": "873",
      "xVal": "391.2",
      "yVal": "86.74"
   },
   {
      "id": "874",
      "xVal": "391.6",
      "yVal": "79.64"
   },
   {
      "id": "875",
      "xVal": "392",
      "yVal": "81.72"
   },
   {
      "id": "876",
      "xVal": "392.4",
      "yVal": "54.71"
   },
   {
      "id": "877",
      "xVal": "392.8",
      "yVal": "12.16"
   },
   {
      "id": "878",
      "xVal": "393.2",
      "yVal": "100"
   },
   {
      "id": "879",
      "xVal": "393.6",
      "yVal": "30.49"
   },
   {
      "id": "880",
      "xVal": "394",
      "yVal": "62.98"
   },
   {
      "id": "881",
      "xVal": "394.4",
      "yVal": "35.71"
   },
   {
      "id": "882",
      "xVal": "394.8",
      "yVal": "26.43"
   },
   {
      "id": "883",
      "xVal": "395.2",
      "yVal": "58.78"
   },
   {
      "id": "884",
      "xVal": "395.6",
      "yVal": "37.85"
   },
   {
      "id": "885",
      "xVal": "396",
      "yVal": "100"
   },
   {
      "id": "886",
      "xVal": "396.4",
      "yVal": "100"
   },
   {
      "id": "887",
      "xVal": "396.8",
      "yVal": "44.57"
   },
   {
      "id": "888",
      "xVal": "397.2",
      "yVal": "97.48"
   },
   {
      "id": "889",
      "xVal": "397.6",
      "yVal": "25.57"
   },
   {
      "id": "890",
      "xVal": "398",
      "yVal": "26.85"
   },
   {
      "id": "891",
      "xVal": "398.4",
      "yVal": "81.58"
   },
   {
      "id": "892",
      "xVal": "398.8",
      "yVal": "44.99"
   },
   {
      "id": "893",
      "xVal": "399.2",
      "yVal": "38.22"
   },
   {
      "id": "894",
      "xVal": "399.6",
      "yVal": "2.46"
   },
   {
      "id": "895",
      "xVal": "400",
      "yVal": "25.67"
   },
   {
      "id": "896",
      "xVal": "400.4",
      "yVal": "44.65"
   },
   {
      "id": "897",
      "xVal": "400.8",
      "yVal": "18.67"
   },
   {
      "id": "898",
      "xVal": "401.2",
      "yVal": "100"
   },
   {
      "id": "899",
      "xVal": "401.6",
      "yVal": "60.75"
   },
   {
      "id": "900",
      "xVal": "402",
      "yVal": "56.68"
   },
   {
      "id": "901",
      "xVal": "402.4",
      "yVal": "41.32"
   },
   {
      "id": "902",
      "xVal": "402.8",
      "yVal": "63.96"
   },
   {
      "id": "903",
      "xVal": "403.2",
      "yVal": "51.31"
   },
   {
      "id": "904",
      "xVal": "403.6",
      "yVal": "74.27"
   },
   {
      "id": "905",
      "xVal": "404",
      "yVal": "8.99"
   },
   {
      "id": "906",
      "xVal": "404.4",
      "yVal": "38.07"
   },
   {
      "id": "907",
      "xVal": "404.8",
      "yVal": "88.78"
   },
   {
      "id": "908",
      "xVal": "405.2",
      "yVal": "20.73"
   },
   {
      "id": "909",
      "xVal": "405.6",
      "yVal": "75.53"
   },
   {
      "id": "910",
      "xVal": "406",
      "yVal": "0"
   },
   {
      "id": "911",
      "xVal": "406.4",
      "yVal": "55.08"
   },
   {
      "id": "912",
      "xVal": "406.8",
      "yVal": "35.16"
   },
   {
      "id": "913",
      "xVal": "407.2",
      "yVal": "7.7"
   },
   {
      "id": "914",
      "xVal": "407.6",
      "yVal": "24.06"
   },
   {
      "id": "915",
      "xVal": "408",
      "yVal": "47.71"
   },
   {
      "id": "916",
      "xVal": "408.4",
      "yVal": "38.77"
   },
   {
      "id": "917",
      "xVal": "408.8",
      "yVal": "12.56"
   },
   {
      "id": "918",
      "xVal": "409.2",
      "yVal": "30.35"
   },
   {
      "id": "919",
      "xVal": "409.6",
      "yVal": "21.53"
   },
   {
      "id": "920",
      "xVal": "410",
      "yVal": "29.58"
   },
   {
      "id": "921",
      "xVal": "410.4",
      "yVal": "1.03"
   },
   {
      "id": "922",
      "xVal": "410.8",
      "yVal": "22.78"
   },
   {
      "id": "923",
      "xVal": "411.2",
      "yVal": "77.11"
   },
   {
      "id": "924",
      "xVal": "411.6",
      "yVal": "84.72"
   },
   {
      "id": "925",
      "xVal": "412",
      "yVal": "40.8"
   },
   {
      "id": "926",
      "xVal": "412.4",
      "yVal": "26.18"
   },
   {
      "id": "927",
      "xVal": "412.8",
      "yVal": "15.67"
   },
   {
      "id": "928",
      "xVal": "413.2",
      "yVal": "63.73"
   },
   {
      "id": "929",
      "xVal": "413.6",
      "yVal": "33.08"
   },
   {
      "id": "930",
      "xVal": "414",
      "yVal": "55"
   },
   {
      "id": "931",
      "xVal": "414.4",
      "yVal": "67.17"
   },
   {
      "id": "932",
      "xVal": "414.8",
      "yVal": "56.43"
   },
   {
      "id": "933",
      "xVal": "415.2",
      "yVal": "39.89"
   },
   {
      "id": "934",
      "xVal": "415.6",
      "yVal": "54.4"
   },
   {
      "id": "935",
      "xVal": "416",
      "yVal": "29.03"
   },
   {
      "id": "936",
      "xVal": "416.4",
      "yVal": "46.34"
   },
   {
      "id": "937",
      "xVal": "416.8",
      "yVal": "34.11"
   },
   {
      "id": "938",
      "xVal": "417.2",
      "yVal": "4.89"
   },
   {
      "id": "939",
      "xVal": "417.6",
      "yVal": "46.37"
   },
   {
      "id": "940",
      "xVal": "418",
      "yVal": "53.26"
   },
   {
      "id": "941",
      "xVal": "418.4",
      "yVal": "0"
   },
   {
      "id": "942",
      "xVal": "418.8",
      "yVal": "63.44"
   },
   {
      "id": "943",
      "xVal": "419.2",
      "yVal": "72.47"
   },
   {
      "id": "944",
      "xVal": "419.6",
      "yVal": "36.64"
   },
   {
      "id": "945",
      "xVal": "420",
      "yVal": "0"
   },
   {
      "id": "946",
      "xVal": "420.4",
      "yVal": "4.22"
   },
   {
      "id": "947",
      "xVal": "420.8",
      "yVal": "8.91"
   },
   {
      "id": "948",
      "xVal": "421.2",
      "yVal": "56.64"
   },
   {
      "id": "949",
      "xVal": "421.6",
      "yVal": "60.46"
   },
   {
      "id": "950",
      "xVal": "422",
      "yVal": "47.63"
   },
   {
      "id": "951",
      "xVal": "422.4",
      "yVal": "61.86"
   },
   {
      "id": "952",
      "xVal": "422.8",
      "yVal": "0"
   },
   {
      "id": "953",
      "xVal": "423.2",
      "yVal": "48.01"
   },
   {
      "id": "954",
      "xVal": "423.6",
      "yVal": "0.62"
   },
   {
      "id": "955",
      "xVal": "424",
      "yVal": "46.23"
   },
   {
      "id": "956",
      "xVal": "424.4",
      "yVal": "28.88"
   },
   {
      "id": "957",
      "xVal": "424.8",
      "yVal": "14.51"
   },
   {
      "id": "958",
      "xVal": "425.2",
      "yVal": "29.62"
   },
   {
      "id": "959",
      "xVal": "425.6",
      "yVal": "37.75"
   },
   {
      "id": "960",
      "xVal": "426",
      "yVal": "0"
   },
   {
      "id": "961",
      "xVal": "426.4",
      "yVal": "7.9"
   },
   {
      "id": "962",
      "xVal": "426.8",
      "yVal": "29.7"
   },
   {
      "id": "963",
      "xVal": "427.2",
      "yVal": "0"
   },
   {
      "id": "964",
      "xVal": "427.6",
      "yVal": "0"
   },
   {
      "id": "965",
      "xVal": "428",
      "yVal": "92.39"
   },
   {
      "id": "966",
      "xVal": "428.4",
      "yVal": "75.03"
   },
   {
      "id": "967",
      "xVal": "428.8",
      "yVal": "66.78"
   },
   {
      "id": "968",
      "xVal": "429.2",
      "yVal": "0.59"
   },
   {
      "id": "969",
      "xVal": "429.6",
      "yVal": "14.69"
   },
   {
      "id": "970",
      "xVal": "430",
      "yVal": "66.95"
   },
   {
      "id": "971",
      "xVal": "430.4",
      "yVal": "0"
   },
   {
      "id": "972",
      "xVal": "430.8",
      "yVal": "0"
   },
   {
      "id": "973",
      "xVal": "431.2",
      "yVal": "28.95"
   },
   {
      "id": "974",
      "xVal": "431.6",
      "yVal": "0"
   },
   {
      "id": "975",
      "xVal": "432",
      "yVal": "29.39"
   },
   {
      "id": "976",
      "xVal": "432.4",
      "yVal": "13.38"
   },
   {
      "id": "977",
      "xVal": "432.8",
      "yVal": "40.5"
   },
   {
      "id": "978",
      "xVal": "433.2",
      "yVal": "0"
   },
   {
      "id": "979",
      "xVal": "433.6",
      "yVal": "0"
   },
   {
      "id": "980",
      "xVal": "434",
      "yVal": "26.92"
   },
   {
      "id": "981",
      "xVal": "434.4",
      "yVal": "0"
   },
   {
      "id": "982",
      "xVal": "434.8",
      "yVal": "42.57"
   },
   {
      "id": "983",
      "xVal": "435.2",
      "yVal": "9.57"
   },
   {
      "id": "984",
      "xVal": "435.6",
      "yVal": "64.57"
   },
   {
      "id": "985",
      "xVal": "436",
      "yVal": "0"
   },
   {
      "id": "986",
      "xVal": "436.4",
      "yVal": "39.14"
   },
   {
      "id": "987",
      "xVal": "436.8",
      "yVal": "0"
   },
   {
      "id": "988",
      "xVal": "437.2",
      "yVal": "3.18"
   },
   {
      "id": "989",
      "xVal": "437.6",
      "yVal": "2.9"
   },
   {
      "id": "990",
      "xVal": "438",
      "yVal": "37.08"
   },
   {
      "id": "991",
      "xVal": "438.4",
      "yVal": "0"
   },
   {
      "id": "992",
      "xVal": "438.8",
      "yVal": "0"
   },
   {
      "id": "993",
      "xVal": "439.2",
      "yVal": "0"
   },
   {
      "id": "994",
      "xVal": "439.6",
      "yVal": "0"
   },
   {
      "id": "995",
      "xVal": "440",
      "yVal": "0"
   },
   {
      "id": "996",
      "xVal": "440.4",
      "yVal": "34.15"
   },
   {
      "id": "997",
      "xVal": "440.8",
      "yVal": "0"
   },
   {
      "id": "998",
      "xVal": "441.2",
      "yVal": "0"
   },
   {
      "id": "999",
      "xVal": "441.6",
      "yVal": "0"
   },
   {
      "id": "1000",
      "xVal": "442",
      "yVal": "4.7"
   },
   {
      "id": "1001",
      "xVal": "442.4",
      "yVal": "44.53"
   },
   {
      "id": "1002",
      "xVal": "442.8",
      "yVal": "0"
   },
   {
      "id": "1003",
      "xVal": "443.2",
      "yVal": "13.91"
   },
   {
      "id": "1004",
      "xVal": "443.6",
      "yVal": "0"
   },
   {
      "id": "1005",
      "xVal": "444",
      "yVal": "0"
   },
   {
      "id": "1006",
      "xVal": "444.4",
      "yVal": "15.72"
   },
   {
      "id": "1007",
      "xVal": "444.8",
      "yVal": "0"
   },
   {
      "id": "1008",
      "xVal": "445.2",
      "yVal": "0"
   },
   {
      "id": "1009",
      "xVal": "445.6",
      "yVal": "15.22"
   },
   {
      "id": "1010",
      "xVal": "446",
      "yVal": "0"
   },
   {
      "id": "1011",
      "xVal": "446.4",
      "yVal": "0"
   },
   {
      "id": "1012",
      "xVal": "446.8",
      "yVal": "0"
   },
   {
      "id": "1013",
      "xVal": "447.2",
      "yVal": "0"
   },
   {
      "id": "1014",
      "xVal": "447.6",
      "yVal": "35.69"
   },
   {
      "id": "1015",
      "xVal": "448",
      "yVal": "28.16"
   },
   {
      "id": "1016",
      "xVal": "448.4",
      "yVal": "90.63"
   },
   {
      "id": "1017",
      "xVal": "448.8",
      "yVal": "0"
   },
   {
      "id": "1018",
      "xVal": "449.2",
      "yVal": "17.63"
   },
   {
      "id": "1019",
      "xVal": "449.6",
      "yVal": "0"
   },
   {
      "id": "1020",
      "xVal": "450",
      "yVal": "0"
   },
   {
      "id": "1021",
      "xVal": "450.4",
      "yVal": "0"
   },
   {
      "id": "1022",
      "xVal": "450.8",
      "yVal": "0"
   },
   {
      "id": "1023",
      "xVal": "451.2",
      "yVal": "0"
   },
   {
      "id": "1024",
      "xVal": "451.6",
      "yVal": "0"
   },
   {
      "id": "1025",
      "xVal": "452",
      "yVal": "25.42"
   },
   {
      "id": "1026",
      "xVal": "452.4",
      "yVal": "0"
   },
   {
      "id": "1027",
      "xVal": "452.8",
      "yVal": "34.22"
   },
   {
      "id": "1028",
      "xVal": "453.2",
      "yVal": "47.6"
   },
   {
      "id": "1029",
      "xVal": "453.6",
      "yVal": "0"
   },
   {
      "id": "1030",
      "xVal": "454",
      "yVal": "0"
   },
   {
      "id": "1031",
      "xVal": "454.4",
      "yVal": "9.36"
   },
   {
      "id": "1032",
      "xVal": "454.8",
      "yVal": "0"
   },
   {
      "id": "1033",
      "xVal": "455.2",
      "yVal": "0"
   },
   {
      "id": "1034",
      "xVal": "455.6",
      "yVal": "43.19"
   },
   {
      "id": "1035",
      "xVal": "456",
      "yVal": "15.34"
   },
   {
      "id": "1036",
      "xVal": "456.4",
      "yVal": "10.97"
   },
   {
      "id": "1037",
      "xVal": "456.8",
      "yVal": "0"
   },
   {
      "id": "1038",
      "xVal": "457.2",
      "yVal": "27.19"
   },
   {
      "id": "1039",
      "xVal": "457.6",
      "yVal": "0"
   },
   {
      "id": "1040",
      "xVal": "458",
      "yVal": "0"
   },
   {
      "id": "1041",
      "xVal": "458.4",
      "yVal": "6.04"
   },
   {
      "id": "1042",
      "xVal": "458.8",
      "yVal": "19.31"
   },
   {
      "id": "1043",
      "xVal": "459.2",
      "yVal": "46.35"
   },
   {
      "id": "1044",
      "xVal": "459.6",
      "yVal": "7.55"
   },
   {
      "id": "1045",
      "xVal": "460",
      "yVal": "0"
   },
   {
      "id": "1046",
      "xVal": "460.4",
      "yVal": "32.53"
   },
   {
      "id": "1047",
      "xVal": "460.8",
      "yVal": "24.54"
   },
   {
      "id": "1048",
      "xVal": "461.2",
      "yVal": "0"
   },
   {
      "id": "1049",
      "xVal": "461.6",
      "yVal": "66.72"
   },
   {
      "id": "1050",
      "xVal": "462",
      "yVal": "17.5"
   },
   {
      "id": "1051",
      "xVal": "462.4",
      "yVal": "21.5"
   },
   {
      "id": "1052",
      "xVal": "462.8",
      "yVal": "0"
   },
   {
      "id": "1053",
      "xVal": "463.2",
      "yVal": "0"
   },
   {
      "id": "1054",
      "xVal": "463.6",
      "yVal": "48.54"
   },
   {
      "id": "1055",
      "xVal": "464",
      "yVal": "20.38"
   },
   {
      "id": "1056",
      "xVal": "464.4",
      "yVal": "0.97"
   },
   {
      "id": "1057",
      "xVal": "464.8",
      "yVal": "0"
   },
   {
      "id": "1058",
      "xVal": "465.2",
      "yVal": "11.03"
   },
   {
      "id": "1059",
      "xVal": "465.6",
      "yVal": "0"
   },
   {
      "id": "1060",
      "xVal": "466",
      "yVal": "0"
   },
   {
      "id": "1061",
      "xVal": "466.4",
      "yVal": "0"
   },
   {
      "id": "1062",
      "xVal": "466.8",
      "yVal": "0"
   },
   {
      "id": "1063",
      "xVal": "467.2",
      "yVal": "0"
   },
   {
      "id": "1064",
      "xVal": "467.6",
      "yVal": "22.83"
   },
   {
      "id": "1065",
      "xVal": "468",
      "yVal": "0"
   },
   {
      "id": "1066",
      "xVal": "468.4",
      "yVal": "1.15"
   },
   {
      "id": "1067",
      "xVal": "468.8",
      "yVal": "9.67"
   },
   {
      "id": "1068",
      "xVal": "469.2",
      "yVal": "37.42"
   },
   {
      "id": "1069",
      "xVal": "469.6",
      "yVal": "0"
   },
   {
      "id": "1070",
      "xVal": "470",
      "yVal": "0"
   },
   {
      "id": "1071",
      "xVal": "470.4",
      "yVal": "44.55"
   },
   {
      "id": "1072",
      "xVal": "470.8",
      "yVal": "0"
   },
   {
      "id": "1073",
      "xVal": "471.2",
      "yVal": "19.96"
   },
   {
      "id": "1074",
      "xVal": "471.6",
      "yVal": "0"
   },
   {
      "id": "1075",
      "xVal": "472",
      "yVal": "0"
   },
   {
      "id": "1076",
      "xVal": "472.4",
      "yVal": "0"
   },
   {
      "id": "1077",
      "xVal": "472.8",
      "yVal": "0"
   },
   {
      "id": "1078",
      "xVal": "473.2",
      "yVal": "0"
   },
   {
      "id": "1079",
      "xVal": "473.6",
      "yVal": "0"
   },
   {
      "id": "1080",
      "xVal": "474",
      "yVal": "47.09"
   },
   {
      "id": "1081",
      "xVal": "474.4",
      "yVal": "0"
   },
   {
      "id": "1082",
      "xVal": "474.8",
      "yVal": "0"
   },
   {
      "id": "1083",
      "xVal": "475.2",
      "yVal": "18.81"
   },
   {
      "id": "1084",
      "xVal": "475.6",
      "yVal": "54.01"
   },
   {
      "id": "1085",
      "xVal": "476",
      "yVal": "0"
   },
   {
      "id": "1086",
      "xVal": "476.4",
      "yVal": "26.47"
   },
   {
      "id": "1087",
      "xVal": "476.8",
      "yVal": "57.08"
   },
   {
      "id": "1088",
      "xVal": "477.2",
      "yVal": "0"
   },
   {
      "id": "1089",
      "xVal": "477.6",
      "yVal": "0"
   },
   {
      "id": "1090",
      "xVal": "478",
      "yVal": "8.17"
   },
   {
      "id": "1091",
      "xVal": "478.4",
      "yVal": "0"
   },
   {
      "id": "1092",
      "xVal": "478.8",
      "yVal": "0"
   },
   {
      "id": "1093",
      "xVal": "479.2",
      "yVal": "0"
   },
   {
      "id": "1094",
      "xVal": "479.6",
      "yVal": "0"
   },
   {
      "id": "1095",
      "xVal": "480",
      "yVal": "35.7"
   },
   {
      "id": "1096",
      "xVal": "480.4",
      "yVal": "5.08"
   },
   {
      "id": "1097",
      "xVal": "480.8",
      "yVal": "0"
   },
   {
      "id": "1098",
      "xVal": "481.2",
      "yVal": "0"
   },
   {
      "id": "1099",
      "xVal": "481.6",
      "yVal": "0"
   },
   {
      "id": "1100",
      "xVal": "482",
      "yVal": "0"
   },
   {
      "id": "1101",
      "xVal": "482.4",
      "yVal": "0"
   },
   {
      "id": "1102",
      "xVal": "482.8",
      "yVal": "30.68"
   },
   {
      "id": "1103",
      "xVal": "483.2",
      "yVal": "48.34"
   },
   {
      "id": "1104",
      "xVal": "483.6",
      "yVal": "34.96"
   },
   {
      "id": "1105",
      "xVal": "484",
      "yVal": "36.86"
   },
   {
      "id": "1106",
      "xVal": "484.4",
      "yVal": "0"
   },
   {
      "id": "1107",
      "xVal": "484.8",
      "yVal": "0"
   },
   {
      "id": "1108",
      "xVal": "485.2",
      "yVal": "41.71"
   },
   {
      "id": "1109",
      "xVal": "485.6",
      "yVal": "15.07"
   },
   {
      "id": "1110",
      "xVal": "486",
      "yVal": "30.14"
   },
   {
      "id": "1111",
      "xVal": "486.4",
      "yVal": "0"
   },
   {
      "id": "1112",
      "xVal": "486.8",
      "yVal": "24.07"
   },
   {
      "id": "1113",
      "xVal": "487.2",
      "yVal": "36.23"
   },
   {
      "id": "1114",
      "xVal": "487.6",
      "yVal": "30.32"
   },
   {
      "id": "1115",
      "xVal": "488",
      "yVal": "26.12"
   },
   {
      "id": "1116",
      "xVal": "488.4",
      "yVal": "0"
   },
   {
      "id": "1117",
      "xVal": "488.8",
      "yVal": "0"
   },
   {
      "id": "1118",
      "xVal": "489.2",
      "yVal": "72.23"
   },
   {
      "id": "1119",
      "xVal": "489.6",
      "yVal": "22.64"
   },
   {
      "id": "1120",
      "xVal": "490",
      "yVal": "55.26"
   },
   {
      "id": "1121",
      "xVal": "490.4",
      "yVal": "51.03"
   },
   {
      "id": "1122",
      "xVal": "490.8",
      "yVal": "13.51"
   },
   {
      "id": "1123",
      "xVal": "491.2",
      "yVal": "62.06"
   },
   {
      "id": "1124",
      "xVal": "491.6",
      "yVal": "28.95"
   },
   {
      "id": "1125",
      "xVal": "492",
      "yVal": "40.41"
   },
   {
      "id": "1126",
      "xVal": "492.4",
      "yVal": "0"
   },
   {
      "id": "1127",
      "xVal": "492.8",
      "yVal": "20.87"
   },
   {
      "id": "1128",
      "xVal": "493.2",
      "yVal": "0"
   },
   {
      "id": "1129",
      "xVal": "493.6",
      "yVal": "0"
   },
   {
      "id": "1130",
      "xVal": "494",
      "yVal": "64.23"
   },
   {
      "id": "1131",
      "xVal": "494.4",
      "yVal": "32.86"
   },
   {
      "id": "1132",
      "xVal": "494.8",
      "yVal": "51.77"
   },
   {
      "id": "1133",
      "xVal": "495.2",
      "yVal": "19.66"
   },
   {
      "id": "1134",
      "xVal": "495.6",
      "yVal": "14"
   },
   {
      "id": "1135",
      "xVal": "496",
      "yVal": "48.69"
   },
   {
      "id": "1136",
      "xVal": "496.4",
      "yVal": "45.57"
   },
   {
      "id": "1137",
      "xVal": "496.8",
      "yVal": "7.32"
   },
   {
      "id": "1138",
      "xVal": "497.2",
      "yVal": "80.51"
   },
   {
      "id": "1139",
      "xVal": "497.6",
      "yVal": "35.41"
   },
   {
      "id": "1140",
      "xVal": "498",
      "yVal": "26.55"
   },
   {
      "id": "1141",
      "xVal": "498.4",
      "yVal": "41.56"
   },
   {
      "id": "1142",
      "xVal": "498.8",
      "yVal": "34.13"
   },
   {
      "id": "1143",
      "xVal": "499.2",
      "yVal": "0"
   },
   {
      "id": "1144",
      "xVal": "499.6",
      "yVal": "31.67"
   },
   {
      "id": "1145",
      "xVal": "500",
      "yVal": "4"
   },
   {
      "id": "1146",
      "xVal": "500.4",
      "yVal": "40.11"
   },
   {
      "id": "1147",
      "xVal": "500.8",
      "yVal": "65.99"
   },
   {
      "id": "1148",
      "xVal": "501.2",
      "yVal": "40.18"
   },
   {
      "id": "1149",
      "xVal": "501.6",
      "yVal": "57.46"
   },
   {
      "id": "1150",
      "xVal": "502",
      "yVal": "0"
   },
   {
      "id": "1151",
      "xVal": "502.4",
      "yVal": "28.81"
   },
   {
      "id": "1152",
      "xVal": "502.8",
      "yVal": "11.68"
   },
   {
      "id": "1153",
      "xVal": "503.2",
      "yVal": "48.35"
   },
   {
      "id": "1154",
      "xVal": "503.6",
      "yVal": "60.56"
   },
   {
      "id": "1155",
      "xVal": "504",
      "yVal": "67.91"
   },
   {
      "id": "1156",
      "xVal": "504.4",
      "yVal": "0"
   },
   {
      "id": "1157",
      "xVal": "504.8",
      "yVal": "28.13"
   },
   {
      "id": "1158",
      "xVal": "505.2",
      "yVal": "18.79"
   },
   {
      "id": "1159",
      "xVal": "505.6",
      "yVal": "56.49"
   },
   {
      "id": "1160",
      "xVal": "506",
      "yVal": "9.48"
   },
   {
      "id": "1161",
      "xVal": "506.4",
      "yVal": "25.91"
   },
   {
      "id": "1162",
      "xVal": "506.8",
      "yVal": "55.23"
   },
   {
      "id": "1163",
      "xVal": "507.2",
      "yVal": "76.11"
   },
   {
      "id": "1164",
      "xVal": "507.6",
      "yVal": "9.58"
   },
   {
      "id": "1165",
      "xVal": "508",
      "yVal": "92.02"
   },
   {
      "id": "1166",
      "xVal": "508.4",
      "yVal": "71.49"
   },
   {
      "id": "1167",
      "xVal": "508.8",
      "yVal": "0"
   },
   {
      "id": "1168",
      "xVal": "509.2",
      "yVal": "65.96"
   },
   {
      "id": "1169",
      "xVal": "509.6",
      "yVal": "34.2"
   },
   {
      "id": "1170",
      "xVal": "510",
      "yVal": "62.01"
   },
   {
      "id": "1171",
      "xVal": "510.4",
      "yVal": "87.51"
   },
   {
      "id": "1172",
      "xVal": "510.8",
      "yVal": "33.08"
   },
   {
      "id": "1173",
      "xVal": "511.2",
      "yVal": "36.39"
   },
   {
      "id": "1174",
      "xVal": "511.6",
      "yVal": "0"
   },
   {
      "id": "1175",
      "xVal": "512",
      "yVal": "100"
   },
   {
      "id": "1176",
      "xVal": "512.4",
      "yVal": "93.53"
   },
   {
      "id": "1177",
      "xVal": "512.8",
      "yVal": "56.31"
   },
   {
      "id": "1178",
      "xVal": "513.2",
      "yVal": "42.07"
   },
   {
      "id": "1179",
      "xVal": "513.6",
      "yVal": "24.22"
   },
   {
      "id": "1180",
      "xVal": "514",
      "yVal": "44.17"
   },
   {
      "id": "1181",
      "xVal": "514.4",
      "yVal": "57.22"
   },
   {
      "id": "1182",
      "xVal": "514.8",
      "yVal": "0"
   },
   {
      "id": "1183",
      "xVal": "515.2",
      "yVal": "4.92"
   },
   {
      "id": "1184",
      "xVal": "515.6",
      "yVal": "60.29"
   },
   {
      "id": "1185",
      "xVal": "516",
      "yVal": "35.64"
   },
   {
      "id": "1186",
      "xVal": "516.4",
      "yVal": "50.18"
   },
   {
      "id": "1187",
      "xVal": "516.8",
      "yVal": "4.97"
   },
   {
      "id": "1188",
      "xVal": "517.2",
      "yVal": "28.23"
   },
   {
      "id": "1189",
      "xVal": "517.6",
      "yVal": "48.55"
   },
   {
      "id": "1190",
      "xVal": "518",
      "yVal": "47.53"
   },
   {
      "id": "1191",
      "xVal": "518.4",
      "yVal": "61.08"
   },
   {
      "id": "1192",
      "xVal": "518.8",
      "yVal": "48.74"
   },
   {
      "id": "1193",
      "xVal": "519.2",
      "yVal": "49.14"
   },
   {
      "id": "1194",
      "xVal": "519.6",
      "yVal": "22.54"
   },
   {
      "id": "1195",
      "xVal": "520",
      "yVal": "65.68"
   },
   {
      "id": "1196",
      "xVal": "520.4",
      "yVal": "27.96"
   },
   {
      "id": "1197",
      "xVal": "520.8",
      "yVal": "42.92"
   },
   {
      "id": "1198",
      "xVal": "521.2",
      "yVal": "74.82"
   },
   {
      "id": "1199",
      "xVal": "521.6",
      "yVal": "38.13"
   },
   {
      "id": "1200",
      "xVal": "522",
      "yVal": "66.63"
   },
   {
      "id": "1201",
      "xVal": "522.4",
      "yVal": "100"
   },
   {
      "id": "1202",
      "xVal": "522.8",
      "yVal": "40.06"
   },
   {
      "id": "1203",
      "xVal": "523.2",
      "yVal": "53.57"
   },
   {
      "id": "1204",
      "xVal": "523.6",
      "yVal": "62.8"
   },
   {
      "id": "1205",
      "xVal": "524",
      "yVal": "63.84"
   },
   {
      "id": "1206",
      "xVal": "524.4",
      "yVal": "44.39"
   },
   {
      "id": "1207",
      "xVal": "524.8",
      "yVal": "69.97"
   },
   {
      "id": "1208",
      "xVal": "525.2",
      "yVal": "38.36"
   },
   {
      "id": "1209",
      "xVal": "525.6",
      "yVal": "100"
   },
   {
      "id": "1210",
      "xVal": "526",
      "yVal": "61.94"
   },
   {
      "id": "1211",
      "xVal": "526.4",
      "yVal": "61.64"
   },
   {
      "id": "1212",
      "xVal": "526.8",
      "yVal": "34.59"
   },
   {
      "id": "1213",
      "xVal": "527.2",
      "yVal": "90.92"
   },
   {
      "id": "1214",
      "xVal": "527.6",
      "yVal": "15.32"
   },
   {
      "id": "1215",
      "xVal": "528",
      "yVal": "24.13"
   },
   {
      "id": "1216",
      "xVal": "528.4",
      "yVal": "84.48"
   },
   {
      "id": "1217",
      "xVal": "528.8",
      "yVal": "62.34"
   },
   {
      "id": "1218",
      "xVal": "529.2",
      "yVal": "4.06"
   },
   {
      "id": "1219",
      "xVal": "529.6",
      "yVal": "23.17"
   },
   {
      "id": "1220",
      "xVal": "530",
      "yVal": "100"
   },
   {
      "id": "1221",
      "xVal": "530.4",
      "yVal": "41.47"
   },
   {
      "id": "1222",
      "xVal": "530.8",
      "yVal": "56.22"
   },
   {
      "id": "1223",
      "xVal": "531.2",
      "yVal": "65.85"
   },
   {
      "id": "1224",
      "xVal": "531.6",
      "yVal": "36.21"
   },
   {
      "id": "1225",
      "xVal": "532",
      "yVal": "27.75"
   },
   {
      "id": "1226",
      "xVal": "532.4",
      "yVal": "100"
   },
   {
      "id": "1227",
      "xVal": "532.8",
      "yVal": "74.96"
   },
   {
      "id": "1228",
      "xVal": "533.2",
      "yVal": "99.07"
   },
   {
      "id": "1229",
      "xVal": "533.6",
      "yVal": "67.1"
   },
   {
      "id": "1230",
      "xVal": "534",
      "yVal": "100"
   },
   {
      "id": "1231",
      "xVal": "534.4",
      "yVal": "53.32"
   },
   {
      "id": "1232",
      "xVal": "534.8",
      "yVal": "77.72"
   },
   {
      "id": "1233",
      "xVal": "535.2",
      "yVal": "83.08"
   },
   {
      "id": "1234",
      "xVal": "535.6",
      "yVal": "87.23"
   },
   {
      "id": "1235",
      "xVal": "536",
      "yVal": "100"
   },
   {
      "id": "1236",
      "xVal": "536.4",
      "yVal": "75.77"
   },
   {
      "id": "1237",
      "xVal": "536.8",
      "yVal": "81.19"
   },
   {
      "id": "1238",
      "xVal": "537.2",
      "yVal": "62.73"
   },
   {
      "id": "1239",
      "xVal": "537.6",
      "yVal": "52.21"
   },
   {
      "id": "1240",
      "xVal": "538",
      "yVal": "75.52"
   },
   {
      "id": "1241",
      "xVal": "538.4",
      "yVal": "27.97"
   },
   {
      "id": "1242",
      "xVal": "538.8",
      "yVal": "85.36"
   },
   {
      "id": "1243",
      "xVal": "539.2",
      "yVal": "100"
   },
   {
      "id": "1244",
      "xVal": "539.6",
      "yVal": "100"
   },
   {
      "id": "1245",
      "xVal": "540",
      "yVal": "56.74"
   },
   {
      "id": "1246",
      "xVal": "540.4",
      "yVal": "87.56"
   },
   {
      "id": "1247",
      "xVal": "540.8",
      "yVal": "89.36"
   },
   {
      "id": "1248",
      "xVal": "541.2",
      "yVal": "38.26"
   },
   {
      "id": "1249",
      "xVal": "541.6",
      "yVal": "24.2"
   },
   {
      "id": "1250",
      "xVal": "542",
      "yVal": "100"
   }
]
